# NIST SRM 660c scan 100a, complete measured pattern
# corrected_2theta_deg intensity sigma; sigma = 1/sqrt(published_weight)
# source: ark:/88434/mds2-2315; member: 660_cert_cif_mosaic_consensus_100a.cif
20.300 19 3.11588476425
20.310 10.5 2.35050247361
20.320 12 2.5
20.330 18.5 3.08606699924
20.340 17 2.9617443888
20.350 9.5 2.24167919831
20.360 14.5 2.74204248554
20.370 14.5 2.74204248554
20.380 11 2.39731650743
20.390 11 2.39731650743
20.400 8.5 2.12238179989
20.410 10 2.28814380978
20.420 13 2.59937622455
20.430 14 2.69190951029
20.440 16 2.87479787288
20.450 20.5 3.23931774196
20.460 12 2.5
20.470 13 2.59937622455
20.480 14.5 2.74204248554
20.490 12 2.5
20.500 11 2.39731650743
20.510 15 2.78423023195
20.520 13 2.59937622455
20.530 15 2.78423023195
20.540 17 2.9617443888
20.550 7 1.93891683582
20.560 14 2.69190951029
20.570 13 2.59937622455
20.580 11.5 2.44704392116
20.590 14.5 2.74204248554
20.600 18.5 3.08606699924
20.610 12 2.5
20.620 14.5 2.74204248554
20.630 15.5 2.82842712475
20.640 12 2.5
20.650 12.5 2.54823595719
20.660 16.5 2.92352673102
20.670 14.5 2.74204248554
20.680 15.5 2.82842712475
20.690 17.5 3.00150112594
20.700 11.5 2.44704392116
20.710 14 2.69190951029
20.720 14.5 2.74204248554
20.730 15 2.78423023195
20.740 9 2.18217890236
20.750 18 3.04290309725
20.760 14 2.69190951029
20.770 15 2.78423023195
20.780 14.5 2.74204248554
20.790 17 2.9617443888
20.800 14.5 2.74204248554
20.810 13 2.59937622455
20.820 17 2.9617443888
20.830 14 2.69190951029
20.840 16.5 2.92352673102
20.850 19 3.11588476425
20.860 17.5 3.00150112594
20.870 17.5 3.00150112594
20.880 23 3.42997170285
20.890 18 3.04290309725
20.900 20.5 3.23931774196
20.910 20.5 3.23931774196
20.920 19.5 3.16227766017
20.930 19 3.11588476425
20.940 15 2.78423023195
20.950 27 3.70879470776
20.960 29.5 3.86911616267
20.970 32 4.02911482013
20.980 29.5 3.86911616267
20.990 28.5 3.8096965888
21.000 38 4.38951281306
21.010 40 4.49921270666
21.020 42.5 4.64238345443
21.030 63.5 5.66138517072
21.040 62 5.59016994375
21.050 50.5 5.05076272276
21.060 73.5 6.07456739231
21.070 73 6.06339062591
21.080 87 6.60818600455
21.090 88.5 6.66666666667
21.100 96.5 6.96733014292
21.110 99 7.05345615859
21.120 127.5 8.00640769025
21.130 121.5 7.80868809443
21.140 131 8.11107105654
21.150 156 8.83883476483
21.160 179 9.44911182523
21.170 199 10
21.180 211 10.2814515144
21.190 229 10.708823422
21.200 251.5 11.2225034811
21.210 294 12.1267812518
21.220 314.5 12.5491161028
21.230 330 12.8458748885
21.240 411.5 14.3443827637
21.250 441 14.8576765302
21.260 541.5 16.4621599442
21.270 620.5 17.6226844213
21.280 695.5 18.6338998125
21.290 768.5 19.6116135138
21.300 867.5 20.8514414057
21.310 1043 22.8217732294
21.320 1262.5 25.1577302713
21.330 1444.5 26.9190951029
21.340 1755 29.617443888
21.350 2096 32.3761954119
21.360 2343.5 34.2393478699
21.370 2629 36.2499716797
21.380 2682.5 36.6371652724
21.390 2636.5 36.3216356146
21.400 2422.5 34.8155311911
21.410 2191.5 33.1133089266
21.420 1867.5 30.5708920258
21.430 1587.5 28.171808491
21.440 1240 24.922239314
21.450 1085.5 23.312620206
21.460 805 20.0804832226
21.470 529 16.2650012158
21.480 363.5 13.4839972493
21.490 224 10.5880887472
21.500 129 8.05822964025
21.510 126.5 7.98086884468
21.520 108.5 7.37209780774
21.530 121 7.78498944162
21.540 84.5 6.52328073053
21.550 94 6.86802819743
21.560 81 6.37576713063
21.570 77 6.22572806365
21.580 80 6.33724250524
21.590 85.5 6.56532164299
21.600 65.5 5.73539334676
21.610 67 5.81238193719
21.620 61.5 5.57278212575
21.630 56 5.32246295412
21.640 51.5 5.1031036308
21.650 48 4.92067831305
21.660 36.5 4.29933580392
21.670 29 3.84047686321
21.680 31 3.97150735395
21.690 37.5 4.36020720197
21.700 29.5 3.86911616267
21.710 23.5 3.46064270103
21.720 19 3.11588476425
21.730 21 3.27912917892
21.740 17.5 3.00150112594
21.750 19 3.11588476425
21.760 18.5 3.08606699924
21.770 22.5 3.3903175181
21.780 17.5 3.00150112594
21.790 17 2.9617443888
21.800 11 2.39731650743
21.810 19 3.11588476425
21.820 16 2.87479787288
21.830 19 3.11588476425
21.840 21 3.27912917892
21.850 16.5 2.92352673102
21.860 13.5 2.65372446217
21.870 18 3.04290309725
21.880 13.5 2.65372446217
21.890 15.5 2.82842712475
21.900 16.5 2.92352673102
21.910 16 2.87479787288
21.920 14.5 2.74204248554
21.930 13 2.59937622455
21.940 14 2.69190951029
21.950 19 3.11588476425
21.960 17.5 3.00150112594
21.970 17.5 3.00150112594
21.980 15 2.78423023195
21.990 13 2.59937622455
22.000 16 2.87479787288
22.010 12.5 2.54823595719
22.020 13.5 2.65372446217
22.030 11.5 2.44704392116
22.040 11.5 2.44704392116
22.050 15 2.78423023195
22.060 14 2.69190951029
22.070 9.5 2.24167919831
22.080 11.5 2.44704392116
22.090 13 2.59937622455
22.100 12.5 2.54823595719
22.110 20 3.19928344075
22.120 16.5 2.92352673102
22.130 8.5 2.12238179989
22.140 15.5 2.82842712475
22.150 18.5 3.08606699924
22.160 11 2.39731650743
22.170 9.5 2.24167919831
22.180 12.5 2.54823595719
22.190 13 2.59937622455
22.200 12 2.5
29.100 15 4
29.110 9 3.16227766017
29.120 13 3.73978796003
29.130 12 3.61079072337
29.140 6 2.65372446217
29.150 12 3.61079072337
29.160 14 3.86911616267
29.170 11 3.46064270103
29.180 9 3.16227766017
29.190 14 3.86911616267
29.200 13 3.73978796003
29.210 12 3.61079072337
29.220 9 3.16227766017
29.230 13 3.73978796003
29.240 8 3.00150112594
29.250 12 3.61079072337
29.260 14 3.86911616267
29.270 8 3.00150112594
29.280 8 3.00150112594
29.290 6 2.65372446217
29.300 11 3.46064270103
29.310 7 2.82842712475
29.320 9 3.16227766017
29.330 9 3.16227766017
29.340 14 3.86911616267
29.350 13 3.73978796003
29.360 2 1.73032135051
29.370 11 3.46064270103
29.380 16 4.12042821715
29.390 5 2.44704392116
29.400 11 3.46064270103
29.410 10 3.32044550085
29.420 7 2.82842712475
29.430 11 3.46064270103
29.440 5 2.44704392116
29.450 18 4.36020720197
29.460 13 3.73978796003
29.470 8 3.00150112594
29.480 8 3.00150112594
29.490 11 3.46064270103
29.500 8 3.00150112594
29.510 6 2.65372446217
29.520 9 3.16227766017
29.530 8 3.00150112594
29.540 10 3.32044550085
29.550 16 4.12042821715
29.560 9 3.16227766017
29.570 7 2.82842712475
29.580 9 3.16227766017
29.590 8 3.00150112594
29.600 12 3.61079072337
29.610 6 2.65372446217
29.620 8 3.00150112594
29.630 13 3.73978796003
29.640 7 2.82842712475
29.650 5 2.44704392116
29.660 14 3.86911616267
29.670 11 3.46064270103
29.680 14 3.86911616267
29.690 11 3.46064270103
29.700 12 3.61079072337
29.710 8 3.00150112594
29.720 11 3.46064270103
29.730 13 3.73978796003
29.740 11 3.46064270103
29.750 8 3.00150112594
29.760 12 3.61079072337
29.770 9 3.16227766017
29.780 14 3.86911616267
29.790 13 3.73978796003
29.800 12 3.61079072337
29.810 20 4.57868546496
29.820 10 3.32044550085
29.830 8 3.00150112594
29.840 14 3.86911616267
29.850 11 3.46064270103
29.860 10 3.32044550085
29.870 13 3.73978796003
29.880 19 4.472135955
29.890 15 4
29.900 16 4.12042821715
29.910 16 4.12042821715
29.920 13 3.73978796003
29.930 11 3.46064270103
29.940 19 4.472135955
29.950 13 3.73978796003
29.960 14 3.86911616267
29.970 29 5.47996624351
29.980 18 4.36020720197
29.990 29 5.47996624351
30.000 28 5.39163866017
30.010 32 5.73539334676
30.020 30 5.57278212575
30.030 27 5.29256124025
30.040 36 6.07456739231
30.050 33 5.8321184352
30.060 50 7.14285714286
30.070 47 6.93375245282
30.080 61 7.88110406239
30.090 71 8.4818892968
30.100 77 8.83883476483
30.110 75 8.70388279778
30.120 71 8.4818892968
30.130 87 9.36585811582
30.140 107 10.3918891782
30.150 106 10.3417537999
30.160 129 11.403464899
30.170 130 11.4482137887
30.180 148 12.207837506
30.190 166 12.920716241
30.200 195 14.0028008403
30.210 205 14.3443827637
30.220 192 13.8942503594
30.230 258 16.0955694995
30.240 264 16.2865585496
30.250 314 17.7611208331
30.260 381 19.5366166291
30.270 386 19.687480774
30.280 509 22.5876975726
30.290 555 23.5702260396
30.300 698 26.4442942674
30.310 778 27.9508497187
30.320 892 29.8807152334
30.330 1085 32.9511203159
30.340 1349 36.7359179185
30.350 1505 38.8075262853
30.360 1860 43.1531852002
30.370 2368 48.6792383511
30.380 2975 54.554472559
30.390 3635 60.3022689156
30.400 4093 64.0184399664
30.410 4319 65.795169496
30.420 4177 64.6846227353
30.430 3870 62.2572806365
30.440 3309 57.5435337648
30.450 2689 51.8475847365
30.460 2315 48.1125224325
30.470 2313 48.1125224325
30.480 2289 47.8364873235
30.490 2234 47.298376984
30.500 1945 44.1081091391
30.510 1597 39.9680383489
30.520 1154 33.9813833015
30.530 741 27.2165526976
30.540 522 22.8814380978
30.550 296 17.2260240637
30.560 248 15.7720074469
30.570 191 13.8541899675
30.580 177 13.3392632128
30.590 164 12.8458748885
30.600 170 13.0855980648
30.610 140 11.8678165819
30.620 126 11.2723024733
30.630 129 11.403464899
30.640 126 11.2723024733
30.650 125 11.2225034811
30.660 96 9.85329278164
30.670 88 9.44911182523
30.680 88 9.44911182523
30.690 73 8.60662965824
30.700 63 8.00640769025
30.710 55 7.47435092752
30.720 48 7.00140042014
30.730 42 6.56532164299
30.740 44 6.71156055214
30.750 37 6.15457454897
30.760 34 5.92348877759
30.770 33 5.8321184352
30.780 34 5.92348877759
30.790 28 5.39163866017
30.800 41 6.48203723552
30.810 30 5.57278212575
30.820 26 5.1987524491
30.830 19 4.472135955
30.840 16 4.12042821715
30.850 24 5
30.860 15 4
30.870 13 3.73978796003
30.880 21 4.68807230938
30.890 20 4.57868546496
30.900 17 4.2409446484
30.910 10 3.32044550085
30.920 10 3.32044550085
30.930 14 3.86911616267
30.940 14 3.86911616267
30.950 12 3.61079072337
30.960 12 3.61079072337
30.970 23 4.90290337845
30.980 27 5.29256124025
30.990 11 3.46064270103
31.000 7 2.82842712475
31.010 7 2.82842712475
31.020 13 3.73978796003
31.030 8 3.00150112594
31.040 16 4.12042821715
31.050 16 4.12042821715
31.060 11 3.46064270103
31.070 10 3.32044550085
31.080 18 4.36020720197
31.090 8 3.00150112594
31.100 18 4.36020720197
31.110 3 2
31.120 14 3.86911616267
31.130 11 3.46064270103
31.140 9 3.16227766017
31.150 6 2.65372446217
31.160 4 2.24167919831
31.170 11 3.46064270103
31.180 12 3.61079072337
31.190 11 3.46064270103
31.200 7 2.82842712475
31.210 9 3.16227766017
31.220 7 2.82842712475
31.230 13 3.73978796003
31.240 11 3.46064270103
31.250 12 3.61079072337
31.260 13 3.73978796003
31.270 5 2.44704392116
31.280 3 2
31.290 8 3.00150112594
31.300 10 3.32044550085
31.310 9 3.16227766017
31.320 6 2.65372446217
31.330 11 3.46064270103
31.340 6 2.65372446217
31.350 8 3.00150112594
31.360 10 3.32044550085
31.370 6 2.65372446217
31.380 12 3.61079072337
31.390 6 2.65372446217
31.400 9 3.16227766017
36.400 9 1.75953835769
36.410 7.33 1.59923255252
36.420 9.67 1.8287923899
36.430 9 1.75953835769
36.440 10.33 1.88982236505
36.450 7.67 1.63082018263
36.460 8.67 1.73032135051
36.470 8 1.6689863152
36.480 7 1.5598365377
36.490 7.33 1.59923255252
36.500 6 1.44942758913
36.510 7.33 1.59923255252
36.520 7.67 1.63082018263
36.530 6.33 1.490711985
36.540 8.33 1.7000510023
36.550 6 1.44942758913
36.560 5.67 1.40998991861
36.570 7.33 1.59923255252
36.580 7.67 1.63082018263
36.590 7.67 1.63082018263
36.600 8.33 1.7000510023
36.610 7.33 1.59923255252
36.620 9 1.75953835769
36.630 8.33 1.7000510023
36.640 7 1.5598365377
36.650 9 1.75953835769
36.660 8 1.6689863152
36.670 6.33 1.490711985
36.680 6 1.44942758913
36.690 6.67 1.53033341946
36.700 7 1.5598365377
36.710 10.33 1.88982236505
36.720 7.33 1.59923255252
36.730 7.33 1.59923255252
36.740 8.33 1.7000510023
36.750 10 1.86016332951
36.760 10.67 1.91040179975
36.770 4.67 1.28991996295
36.780 7.33 1.59923255252
36.790 6.67 1.53033341946
36.800 9.33 1.7989569074
36.810 9.67 1.8287923899
36.820 10 1.86016332951
36.830 7 1.5598365377
36.840 9.67 1.8287923899
36.850 9.67 1.8287923899
36.860 7.67 1.63082018263
36.870 8.33 1.7000510023
36.880 7 1.5598365377
36.890 10.33 1.88982236505
36.900 8.33 1.7000510023
36.910 8.33 1.7000510023
36.920 8.33 1.7000510023
36.930 10.33 1.88982236505
36.940 8.33 1.7000510023
36.950 6 1.44942758913
36.960 7.67 1.63082018263
36.970 9.33 1.7989569074
36.980 11 1.93891683582
36.990 7 1.5598365377
37.000 10 1.86016332951
37.010 10.33 1.88982236505
37.020 10 1.86016332951
37.030 12 2.02860206483
37.040 11.33 1.9687480774
37.050 11.33 1.9687480774
37.060 17.33 2.43252127705
37.070 13.67 2.16168850584
37.080 12.33 2.04980015423
37.090 16.67 2.37691344271
37.100 10.33 1.88982236505
37.110 19.67 2.58198889747
37.120 26.67 3.00150112594
37.130 19.67 2.58198889747
37.140 26.67 3.00150112594
37.150 26.33 2.97482058654
37.160 31.33 3.24956336926
37.170 33.33 3.35012605086
37.180 37.33 3.53996162702
37.190 33 3.32963579106
37.200 39.67 3.64905182584
37.210 38 3.56915305124
37.220 48 4.00963469882
37.230 51.33 4.14869906823
37.240 57.67 4.39799497134
37.250 65.33 4.67780269725
37.260 60.67 4.50834817334
37.270 75.33 5.01885613228
37.280 80 5.17087689995
37.290 94.67 5.63436169819
37.300 95.33 5.65233418944
37.310 118.67 6.29940788349
37.320 125.67 6.48203723552
37.330 132.33 6.65190105238
37.340 166 7.453559925
37.350 206.67 8.30454798537
37.360 224.67 8.67109969524
37.370 272.67 9.53462589246
37.380 332 10.5292328786
37.390 422 11.8594677827
37.400 496 12.8564869307
37.410 626 14.4488154263
37.420 806.67 16.3956458946
37.430 1044 18.6663348237
37.440 1314.33 20.9426954146
37.450 1596.67 23.0632802007
37.460 1848 24.84519975
37.470 1929.33 25.4000254
37.480 1907.67 25.2377232563
37.490 1642.67 23.3762291106
37.500 1278.67 20.6284249252
37.510 979.67 18.0775381516
37.520 813 16.4621599442
37.530 764.33 15.971914125
37.540 857.67 16.9030850946
37.550 1006.67 18.3185826362
37.560 1027.67 18.5058302549
37.570 1013.33 18.3803655523
37.580 877.33 17.0996392014
37.590 689.33 15.1619608716
37.600 492 12.8141957406
37.610 313.67 10.2275368716
37.620 199.67 8.16496580928
37.630 138.67 6.8041381744
37.640 118.33 6.28694613462
37.650 90.67 5.5131784642
37.660 81.67 5.22708373489
37.670 81.33 5.21995750972
37.680 75.33 5.01885613228
37.690 64.33 4.64238345443
37.700 55.33 4.31130613559
37.710 58.33 4.41941738242
37.720 56 4.33148081824
37.730 42.67 3.79049021789
37.740 40.33 3.68105086916
37.750 30.67 3.21080649534
37.760 37.67 3.56009427254
37.770 31.67 3.27034970084
37.780 34.33 3.40010200459
37.790 31.67 3.27034970084
37.800 29 3.13112145543
37.810 26.67 3.00150112594
37.820 21.33 2.69190951029
37.830 22.67 2.77350098113
37.840 21 2.67261241912
37.850 17 2.39731650743
37.860 14 2.1873931963
37.870 15 2.25876975726
37.880 16.67 2.37691344271
37.890 14.33 2.2086305215
37.900 11.67 2
37.910 11 1.93891683582
37.920 14.67 2.24167919831
37.930 15 2.25876975726
37.940 11 1.93891683582
37.950 12.33 2.04980015423
37.960 14.67 2.24167919831
37.970 8 1.6689863152
37.980 12.33 2.04980015423
37.990 8.67 1.73032135051
38.000 7.67 1.63082018263
38.010 11 1.93891683582
38.020 11.67 2
38.030 9.33 1.7989569074
38.040 12.33 2.04980015423
38.050 6 1.44942758913
38.060 9.67 1.8287923899
38.070 12 2.02860206483
38.080 8.67 1.73032135051
38.090 6.33 1.490711985
38.100 7.33 1.59923255252
38.110 8.33 1.7000510023
38.120 9.67 1.8287923899
38.130 7 1.5598365377
38.140 9.33 1.7989569074
38.150 8.33 1.7000510023
38.160 9.67 1.8287923899
38.170 7 1.5598365377
38.180 11.33 1.9687480774
38.190 7.67 1.63082018263
38.200 9 1.75953835769
38.210 11 1.93891683582
38.220 7.33 1.59923255252
38.230 6.67 1.53033341946
38.240 8.67 1.73032135051
38.250 5.33 1.3697345027
38.260 6.67 1.53033341946
38.270 10 1.86016332951
38.280 8.33 1.7000510023
38.290 9 1.75953835769
38.300 8.33 1.7000510023
38.310 6 1.44942758913
38.320 8.33 1.7000510023
38.330 7.67 1.63082018263
38.340 7.33 1.59923255252
38.350 8.67 1.73032135051
38.360 5.67 1.40998991861
38.370 5.67 1.40998991861
38.380 8.67 1.73032135051
38.390 8.67 1.73032135051
38.400 6 1.44942758913
42.700 5.2 1.03975048982
42.710 4.2 0.940720868384
42.720 6.4 1.15010926557
42.730 6 1.10974190405
42.740 6.8 1.18015154119
42.750 6.8 1.18015154119
42.760 8.2 1.29968811228
42.770 7.2 1.21987509119
42.780 6.6 1.16961064294
42.790 6 1.10974190405
42.800 6.8 1.18015154119
42.810 8.2 1.29968811228
42.820 5.4 1.05999788001
42.830 7 1.20038418442
42.840 8 1.28036879933
42.850 6.6 1.16961064294
42.860 5.6 1.08021347127
42.870 5 1.0200895678
42.880 7.4 1.22998345683
42.890 8.4 1.30968158963
42.900 6.6 1.16961064294
42.910 6.4 1.15010926557
42.920 8 1.28036879933
42.930 5.2 1.03975048982
42.940 5.8 1.10029712034
42.950 6.4 1.15010926557
42.960 6.6 1.16961064294
42.970 7.8 1.2598815767
42.980 5.6 1.08021347127
42.990 7 1.20038418442
43.000 9.8 1.40998991861
43.010 6.6 1.16961064294
43.020 7.6 1.25
43.030 5 1.0200895678
43.040 6.6 1.16961064294
43.050 6.4 1.15010926557
43.060 6.6 1.16961064294
43.070 8 1.28036879933
43.080 7.2 1.21987509119
43.090 8.8 1.33990004718
43.100 5.6 1.08021347127
43.110 10.8 1.47925109682
43.120 7.4 1.22998345683
43.130 7.6 1.25
43.140 9.4 1.38942503594
43.150 8.4 1.30968158963
43.160 12.4 1.58910431541
43.170 11.6 1.53937267952
43.180 13.4 1.650695502
43.190 12.2 1.56941205144
43.200 13.8 1.6689863152
43.210 15.4 1.77053557949
43.220 16.6 1.8287923899
43.230 19.8 2
43.240 16.4 1.81968631312
43.250 22.2 2.12238179989
43.260 23.2 2.16168850584
43.270 24.6 2.23049868373
43.280 22 2.10818510678
43.290 23.4 2.17186121382
43.300 25.6 2.27038304593
43.310 30.4 2.46932399162
43.320 32.2 2.54823595719
43.330 37.8 2.76289481998
43.340 37.2 2.73179182354
43.350 41.8 2.89885517826
43.360 46 3.04290309725
43.370 43.4 2.9488391231
43.380 57.2 3.3903175181
43.390 64.4 3.58979079309
43.400 65.2 3.62024307128
43.410 77.6 3.9405520312
43.420 94 4.33963036603
43.430 112.6 4.75114338146
43.440 134.2 5.17780373078
43.450 164.4 5.73539334676
43.460 207.2 6.44156626401
43.470 265.6 7.29324957489
43.480 329.2 8.11107105654
43.490 448.6 9.44911182523
43.500 560.4 10.5880887472
43.510 736.4 12.1357078495
43.520 880.6 13.2686223109
43.530 1011.6 14.2277598306
43.540 1036.4 14.4037800479
43.550 929.4 13.6462353524
43.560 753 12.2720173418
43.570 585.2 10.8210913837
43.580 405 9.01669634667
43.590 325.2 8.05822964025
43.600 303.2 7.78498944162
43.610 327 8.08452083454
43.620 412 9.09090909091
43.630 457.2 9.57826285221
43.640 528.4 10.2814515144
43.650 539.8 10.3918891782
43.660 497 9.9503719021
43.670 404.4 9.01669634667
43.680 298.4 7.73823232534
43.690 207.8 6.45497224368
43.700 129.6 5.1031036308
43.710 78.6 3.97150735395
43.720 63 3.56009427254
43.730 55.4 3.32963579106
43.740 49.8 3.16227766017
43.750 45.8 3.02891266408
43.760 42.4 2.92352673102
43.770 37.6 2.75240941282
43.780 31.2 2.50784931288
43.790 28.8 2.41121411085
43.800 30.6 2.47688702309
43.810 30.6 2.47688702309
43.820 25.6 2.27038304593
43.830 19.8 2
43.840 17 1.85058302549
43.850 18.8 1.94994393992
43.860 18.4 1.93166852322
43.870 17.4 1.87977895099
43.880 15.2 1.74874354196
43.890 14.8 1.73032135051
43.900 15.8 1.7902871851
43.910 11.8 1.55043418237
43.920 11.8 1.55043418237
43.930 12.2 1.56941205144
43.940 11 1.50075056297
43.950 8.8 1.33990004718
43.960 13 1.62008392252
43.970 9 1.35956935663
43.980 10.2 1.44037800479
43.990 12 1.5598365377
44.000 9.6 1.40028008403
44.010 11.4 1.51969366063
44.020 10.2 1.44037800479
44.030 7.2 1.21987509119
44.040 11 1.50075056297
44.050 8.2 1.29968811228
44.060 7.6 1.25
44.070 7.8 1.2598815767
44.080 8.2 1.29968811228
44.090 9.4 1.38942503594
44.100 7.6 1.25
44.110 8.6 1.33038021048
44.120 8.2 1.29968811228
44.130 7.2 1.21987509119
44.140 9 1.35956935663
44.150 8.2 1.29968811228
44.160 9.4 1.38942503594
44.170 6.4 1.15010926557
44.180 6.2 1.13010583937
44.190 8 1.28036879933
44.200 8 1.28036879933
44.210 8 1.28036879933
44.220 7.2 1.21987509119
44.230 5.8 1.10029712034
44.240 7 1.20038418442
44.250 8 1.28036879933
44.260 5.6 1.08021347127
44.270 6.6 1.16961064294
44.280 10.2 1.44037800479
44.290 9.4 1.38942503594
44.300 6.6 1.16961064294
44.310 7 1.20038418442
44.320 5.8 1.10029712034
44.330 7.2 1.21987509119
44.340 8 1.28036879933
44.350 6.6 1.16961064294
44.360 7 1.20038418442
44.370 6 1.10974190405
44.380 6.8 1.18015154119
44.390 6.8 1.18015154119
44.400 7.8 1.2598815767
48.000 9 2.18217890236
48.008 8 2.05846742398
48.016 8.5 2.12238179989
48.024 5.5 1.73032135051
48.032 5.5 1.73032135051
48.040 6.5 1.86989398002
48.048 6.5 1.86989398002
48.056 8.5 2.12238179989
48.064 4 1.50075056297
48.072 7 1.93891683582
48.080 7 1.93891683582
48.088 8.5 2.12238179989
48.096 3 1.31990919337
48.104 4.5 1.57916610464
48.112 6 1.7989569074
48.120 9 2.18217890236
48.128 7.5 2
48.136 9.5 2.24167919831
48.144 5.5 1.73032135051
48.152 7 1.93891683582
48.160 3.5 1.40998991861
48.168 7.5 2
48.176 8.5 2.12238179989
48.184 6 1.7989569074
48.192 9 2.18217890236
48.200 6.5 1.86989398002
48.208 6.5 1.86989398002
48.216 4.5 1.57916610464
48.224 11 2.39731650743
48.232 11 2.39731650743
48.240 8 2.05846742398
48.248 10 2.28814380978
48.256 6 1.7989569074
48.264 6 1.7989569074
48.272 7 1.93891683582
48.280 8.5 2.12238179989
48.288 11.5 2.44704392116
48.296 10 2.28814380978
48.304 7.5 2
48.312 8.5 2.12238179989
48.320 8.5 2.12238179989
48.328 7 1.93891683582
48.336 11 2.39731650743
48.344 10.5 2.35050247361
48.352 4 1.50075056297
48.360 8 2.05846742398
48.368 7 1.93891683582
48.376 7.5 2
48.384 6.5 1.86989398002
48.392 7.5 2
48.400 8.5 2.12238179989
48.408 6.5 1.86989398002
48.416 8 2.05846742398
48.424 13 2.59937622455
48.432 7.5 2
48.440 9.5 2.24167919831
48.448 8.5 2.12238179989
48.456 11.5 2.44704392116
48.464 7 1.93891683582
48.472 8 2.05846742398
48.480 13.5 2.65372446217
48.488 12 2.5
48.496 9.5 2.24167919831
48.504 10 2.28814380978
48.512 8.5 2.12238179989
48.520 10.5 2.35050247361
48.528 11 2.39731650743
48.536 11.5 2.44704392116
48.544 11 2.39731650743
48.552 13.5 2.65372446217
48.560 10.5 2.35050247361
48.568 9.5 2.24167919831
48.576 18.5 3.08606699924
48.584 17 2.9617443888
48.592 14 2.69190951029
48.600 14 2.69190951029
48.608 15.5 2.82842712475
48.616 21 3.27912917892
48.624 18.5 3.08606699924
48.632 17.5 3.00150112594
48.640 24 3.50070021007
48.648 16 2.87479787288
48.656 21 3.27912917892
48.664 28 3.76889180722
48.672 23.5 3.46064270103
48.680 24.5 3.53996162702
48.688 33 4.08930410055
48.696 33 4.08930410055
48.704 33 4.08930410055
48.712 41.5 4.57868546496
48.720 47 4.86792383511
48.728 47 4.86792383511
48.736 57 5.36056267419
48.744 47 4.86792383511
48.752 60.5 5.52157630374
48.760 60.5 5.52157630374
48.768 54 5.21995750972
48.776 59.5 5.47996624351
48.784 68.5 5.87220219515
48.792 75.5 6.15457454897
48.800 67 5.81238193719
48.808 70 5.94438298278
48.816 72 6.01929265429
48.824 79.5 6.32455532034
48.832 96 6.95048046857
48.840 90.5 6.75737378399
48.848 119.5 7.76150525706
48.856 133 8.16496580928
48.864 136.5 8.27605888602
48.872 172.5 9.28476690885
48.880 206 10.1586994446
48.888 243 11.0297099335
48.896 286 11.9693974637
48.904 351 13.2569575857
48.912 427 14.6176336551
48.920 546.5 16.5294901227
48.928 628 17.7331725533
48.936 788 19.8418947533
48.944 972 22.032632462
48.952 1246 24.922239314
48.960 1518 27.5240941282
48.968 1785.5 29.8807152334
48.976 2092 32.3423113677
48.984 2161.5 32.8797974611
48.992 2193.5 33.1133089266
49.000 2039 31.9275428407
49.008 1746 29.488391231
49.016 1463.5 27.0171613479
49.024 1088 23.312620206
49.032 798.5 20
49.040 623 17.6501127405
49.048 512.5 16.0128153805
49.056 531.5 16.3082018263
49.064 563 16.7836271659
49.072 634 17.8174161275
49.080 723.5 19.0346746907
49.088 848 20.5846742398
49.096 994 22.3049868373
49.104 1143.5 23.9045721867
49.112 1216.5 24.6932399162
49.120 1159 24.1121411085
49.128 1085.5 23.312620206
49.136 942 21.7186121382
49.144 757 19.462473604
49.152 571 16.9030850946
49.160 403.5 14.2133810904
49.168 292.5 12.1001191868
49.176 206 10.1586994446
49.184 176.5 9.40720868384
49.192 133 8.16496580928
49.200 128.5 8.03219328902
49.208 110.5 7.453559925
49.216 103 7.19815750749
49.224 88.5 6.66666666667
49.232 69 5.89255650989
49.240 70 5.94438298278
49.248 58.5 5.43125446594
49.256 66 5.7735026919
49.264 57 5.36056267419
49.272 45.5 4.80015360737
49.280 49 4.96903995
49.288 41 4.55960752588
49.296 34 4.14869906823
49.304 47.5 4.90290337845
49.312 38 4.38951281306
49.320 38.5 4.41941738242
49.328 34.5 4.18121005004
49.336 30 3.91030943503
49.344 35.5 4.2409446484
49.352 27.5 3.73978796003
49.360 23.5 3.46064270103
49.368 25 3.56915305124
49.376 17 2.9617443888
49.384 20 3.19928344075
49.392 20.5 3.23931774196
49.400 19 3.11588476425
49.408 15.5 2.82842712475
49.416 22.5 3.3903175181
49.424 16 2.87479787288
49.432 16 2.87479787288
49.440 16 2.87479787288
49.448 18.5 3.08606699924
49.456 11 2.39731650743
49.464 14.5 2.74204248554
49.472 16 2.87479787288
49.480 18.5 3.08606699924
49.488 9.5 2.24167919831
49.496 10 2.28814380978
49.504 12 2.5
49.512 13 2.59937622455
49.520 13.5 2.65372446217
49.528 14 2.69190951029
49.536 9 2.18217890236
49.544 11.5 2.44704392116
49.552 16 2.87479787288
49.560 15.5 2.82842712475
49.568 11.5 2.44704392116
49.576 11 2.39731650743
49.584 8.5 2.12238179989
49.592 9 2.18217890236
49.600 10.5 2.35050247361
49.608 9.5 2.24167919831
49.616 11.5 2.44704392116
49.624 13 2.59937622455
49.632 15 2.78423023195
49.640 12.5 2.54823595719
49.648 12 2.5
49.656 8 2.05846742398
49.664 12.5 2.54823595719
49.672 5.5 1.73032135051
49.680 11.5 2.44704392116
49.688 8 2.05846742398
49.696 9.5 2.24167919831
49.704 8 2.05846742398
49.712 11 2.39731650743
49.720 6.5 1.86989398002
49.728 9.5 2.24167919831
49.736 8 2.05846742398
49.744 7 1.93891683582
49.752 8.5 2.12238179989
49.760 10.5 2.35050247361
49.768 9 2.18217890236
49.776 7 1.93891683582
49.784 8.5 2.12238179989
49.792 11.5 2.44704392116
49.800 6.5 1.86989398002
49.808 7.5 2
49.816 3.5 1.40998991861
49.824 6.5 1.86989398002
49.832 8 2.05846742398
49.840 10.5 2.35050247361
49.848 8 2.05846742398
49.856 9.5 2.24167919831
49.864 4.5 1.57916610464
49.872 8 2.05846742398
49.880 8.5 2.12238179989
49.888 8 2.05846742398
49.896 8.5 2.12238179989
49.904 11 2.39731650743
49.912 7.5 2
49.920 7 1.93891683582
49.928 6 1.7989569074
49.936 8.5 2.12238179989
49.944 7 1.93891683582
49.952 10 2.28814380978
49.960 10 2.28814380978
49.968 8 2.05846742398
49.976 6 1.7989569074
49.984 7 1.93891683582
49.992 5.5 1.73032135051
50.000 8.5 2.12238179989
53.200 6.2 1.13010583937
53.208 6.2 1.13010583937
53.216 5.8 1.10029712034
53.224 6.4 1.15010926557
53.232 6.4 1.15010926557
53.240 6.2 1.13010583937
53.248 6.2 1.13010583937
53.256 5.8 1.10029712034
53.264 6.4 1.15010926557
53.272 7.6 1.25
53.280 6.8 1.18015154119
53.288 7.2 1.21987509119
53.296 6.6 1.16961064294
53.304 7.4 1.22998345683
53.312 4.8 1
53.320 4.8 1
53.328 8 1.28036879933
53.336 7.6 1.25
53.344 6.2 1.13010583937
53.352 6.2 1.13010583937
53.360 5.4 1.05999788001
53.368 7.2 1.21987509119
53.376 6.2 1.13010583937
53.384 6.6 1.16961064294
53.392 4.6 0.980580675691
53.400 4.4 0.957826285221
53.408 6.4 1.15010926557
53.416 5 1.0200895678
53.424 6.2 1.13010583937
53.432 7.4 1.22998345683
53.440 5 1.0200895678
53.448 6.2 1.13010583937
53.456 7.4 1.22998345683
53.464 6.8 1.18015154119
53.472 5 1.0200895678
53.480 5.8 1.10029712034
53.488 5.8 1.10029712034
53.496 5.8 1.10029712034
53.504 7.8 1.2598815767
53.512 8.8 1.33990004718
53.520 9.2 1.3697345027
53.528 7 1.20038418442
53.536 6.2 1.13010583937
53.544 6.2 1.13010583937
53.552 7 1.20038418442
53.560 8 1.28036879933
53.568 10 1.43003138953
53.576 7.4 1.22998345683
53.584 7.8 1.2598815767
53.592 7.4 1.22998345683
53.600 9.4 1.38942503594
53.608 8.4 1.30968158963
53.616 9.8 1.40998991861
53.624 10 1.43003138953
53.632 9.2 1.3697345027
53.640 8 1.28036879933
53.648 11.8 1.55043418237
53.656 17.6 1.88982236505
53.664 15.4 1.77053557949
53.672 13.8 1.6689863152
53.680 14.4 1.70996392014
53.688 16.6 1.8287923899
53.696 16.8 1.8411492358
53.704 19.6 1.98810693122
53.712 23 2.15165741456
53.720 23.2 2.16168850584
53.728 20.6 2.04124145232
53.736 20.8 2.04980015423
53.744 25.8 2.28217732294
53.752 26.4 2.31248645031
53.760 28.2 2.37691344271
53.768 28.8 2.41121411085
53.776 27.2 2.33762291106
53.784 28.4 2.39045721867
53.792 29 2.41825416703
53.800 34.2 2.61711961295
53.808 35.6 2.68220890393
53.816 34.4 2.62612865719
53.824 32.6 2.55654996282
53.832 38 2.76289481998
53.840 36.2 2.70171613479
53.848 45 3.01511344578
53.856 40.4 2.85132974256
53.864 51.8 3.220783132
53.872 53.6 3.27912917892
53.880 61.8 3.52016671904
53.888 66.4 3.64905182584
53.896 70.2 3.75029300309
53.904 96.4 4.39799497134
53.912 97.4 4.41941738242
53.920 122.4 4.95073771488
53.928 147.2 5.43125446594
53.936 174.6 5.91312395989
53.944 219.2 6.62266178533
53.952 246.4 7.01862406344
53.960 337.4 8.21994936527
53.968 408.4 9.05357460425
53.976 533.2 10.3307108135
53.984 659 11.4783407192
53.992 813 12.7515342613
54.000 995.4 14.1139359234
54.008 1086.8 14.7441956155
54.016 1166.6 15.2854460129
54.024 1167 15.2854460129
54.032 1102.6 14.8576765302
54.040 912.4 13.508580674
54.048 742 12.1806384284
54.056 565 10.6298800691
54.064 421.4 9.16698497028
54.072 301.4 7.76150525706
54.080 254.4 7.14285714286
54.088 219.8 6.637233116
54.096 222.2 6.66666666667
54.104 248.6 7.05345615859
54.112 278.8 7.47435092752
54.120 328.8 8.11107105654
54.128 392.2 8.87356509416
54.136 457.8 9.57826285221
54.144 530 10.2977929046
54.152 612.6 11.0701860693
54.160 625.8 11.1873341577
54.168 620.4 11.1386479839
54.176 563.8 10.6178892248
54.184 482.4 9.80580675691
54.192 387.2 8.80450906326
54.200 283.6 7.53778361444
54.208 211.8 6.50944554904
54.216 164.6 5.73539334676
54.224 117.4 4.85071250073
54.232 91.6 4.27960492511
54.240 64.8 3.61079072337
54.248 61.6 3.52016671904
54.256 56.4 3.35956570342
54.264 48.6 3.11588476425
54.272 46.4 3.05708920258
54.280 42.8 2.93610109757
54.288 38 2.76289481998
54.296 35.8 2.68220890393
54.304 31.6 2.52377232563
54.312 30.2 2.46932399162
54.320 29.4 2.43252127705
54.328 27 2.3312620206
54.336 23.4 2.17186121382
54.344 26 2.28814380978
54.352 21.6 2.08969189764
54.360 22.6 2.14176468439
54.368 18.6 1.93891683582
54.376 20 2.00804832226
54.384 19 1.96116135138
54.392 18 1.91040179975
54.400 18.4 1.93166852322
54.408 16 1.7989569074
54.416 16.8 1.8411492358
54.424 14.4 1.70996392014
54.432 15.8 1.7902871851
54.440 10.6 1.46963506144
54.448 15.8 1.7902871851
54.456 12.2 1.56941205144
54.464 13 1.62008392252
54.472 10.2 1.44037800479
54.480 9.8 1.40998991861
54.488 8 1.28036879933
54.496 9 1.35956935663
54.504 8.4 1.30968158963
54.512 11 1.50075056297
54.520 8.2 1.29968811228
54.528 8.6 1.33038021048
54.536 9.2 1.3697345027
54.544 9.8 1.40998991861
54.552 7.2 1.21987509119
54.560 11.6 1.53937267952
54.568 10.6 1.46963506144
54.576 8 1.28036879933
54.584 9.8 1.40998991861
54.592 9 1.35956935663
54.600 7.6 1.25
54.608 6.8 1.18015154119
54.616 8.4 1.30968158963
54.624 7 1.20038418442
54.632 6.8 1.18015154119
54.640 7.6 1.25
54.648 9.2 1.3697345027
54.656 9.8 1.40998991861
54.664 7 1.20038418442
54.672 6.8 1.18015154119
54.680 6.4 1.15010926557
54.688 5 1.0200895678
54.696 7.4 1.22998345683
54.704 10.8 1.47925109682
54.712 8.4 1.30968158963
54.720 6.4 1.15010926557
54.728 6 1.10974190405
54.736 7.2 1.21987509119
54.744 6.8 1.18015154119
54.752 6.8 1.18015154119
54.760 5.6 1.08021347127
54.768 6.8 1.18015154119
54.776 8 1.28036879933
54.784 5.6 1.08021347127
54.792 6 1.10974190405
54.800 6.6 1.16961064294
54.808 6.2 1.13010583937
54.816 6.4 1.15010926557
54.824 7.4 1.22998345683
54.832 6.2 1.13010583937
54.840 4.2 0.940720868384
54.848 6 1.10974190405
54.856 5.8 1.10029712034
54.864 9 1.35956935663
54.872 6.4 1.15010926557
54.880 5 1.0200895678
54.888 7.4 1.22998345683
54.896 6.2 1.13010583937
62.500 4.91 0.669649530182
62.508 5.36 0.700140042014
62.516 4.09 0.620173672946
62.524 4.09 0.620173672946
62.532 5.54 0.719815750749
62.540 5.18 0.690065559342
62.548 5.36 0.700140042014
62.556 4.46 0.640184399664
62.564 6.18 0.76028592127
62.572 5.54 0.719815750749
62.580 5 0.68041381744
62.588 4.91 0.669649530182
62.596 3.54 0.569802882298
62.604 5 0.68041381744
62.612 5.18 0.690065559342
62.620 5.27 0.700140042014
62.628 5.27 0.700140042014
62.636 3.82 0.599760143904
62.644 4.82 0.669649530182
62.652 4.91 0.669649530182
62.660 6.18 0.76028592127
62.668 5.09 0.690065559342
62.676 5.27 0.700140042014
62.684 5.46 0.710669054519
62.692 5.27 0.700140042014
62.700 5.27 0.700140042014
62.708 5.36 0.700140042014
62.716 4.91 0.669649530182
62.724 5.54 0.719815750749
62.732 5.91 0.739221270955
62.740 4.46 0.640184399664
62.748 5.46 0.710669054519
62.756 4.18 0.620173672946
62.764 6 0.739221270955
62.772 5.73 0.729324957489
62.780 5.18 0.690065559342
62.788 6.91 0.800640769025
62.796 4.18 0.620173672946
62.804 6.09 0.749531688996
62.812 4.18 0.620173672946
62.820 6.54 0.780868809443
62.828 7.18 0.811107105654
62.836 6.27 0.76028592127
62.844 6.18 0.76028592127
62.852 6.73 0.790569415042
62.860 6.18 0.76028592127
62.868 6.36 0.769230769231
62.876 5.27 0.700140042014
62.884 8.27 0.870388279778
62.892 8 0.860662965824
62.900 7.27 0.819231920519
62.908 9.09 0.909090909091
62.916 9.64 0.940720868384
62.924 8.64 0.890870806375
62.932 10.18 0.971285862357
62.940 10.91 1
62.948 12.36 1.05999788001
62.956 11.64 1.02977929046
62.964 11 1
62.972 12.27 1.05999788001
62.980 13.09 1.08979285007
62.988 13.82 1.12013621685
62.996 12.73 1.08021347127
63.004 12.91 1.08979285007
63.012 13.27 1.10029712034
63.020 13.09 1.08979285007
63.028 12.82 1.08021347127
63.036 12.64 1.08021347127
63.044 13.91 1.13010583937
63.052 14.82 1.1601271569
63.060 14.27 1.1403464899
63.068 15.54 1.19013889731
63.076 16.18 1.21987509119
63.084 17.09 1.25
63.092 20.36 1.35956935663
63.100 18.55 1.29968811228
63.108 21.55 1.40028008403
63.116 22.09 1.41990458562
63.124 28.91 1.62008392252
63.132 29.18 1.63082018263
63.140 37.18 1.8411492358
63.148 40.64 1.92094687599
63.156 48.09 2.08969189764
63.164 57.45 2.28814380978
63.172 67.73 2.47688702309
63.180 86.55 2.80606766633
63.188 108.36 3.14658387764
63.196 138.91 3.55110412114
63.204 178.36 4.02911482013
63.212 222 4.49013255067
63.220 281.64 5.05721737424
63.228 344.18 5.59016994375
63.236 394.27 5.98684340089
63.244 409.36 6.0971076085
63.252 424.36 6.21369766001
63.260 404.09 6.06339062591
63.268 347.55 5.61655956302
63.276 293.27 5.15710623129
63.284 223.54 4.50834817334
63.292 160.91 3.82919790534
63.300 118.36 3.27912917892
63.308 90.45 2.87479787288
63.316 72.64 2.57342506327
63.324 60.82 2.35050247361
63.332 56.73 2.27038304593
63.340 55.64 2.24733287488
63.348 58.55 2.31248645031
63.356 67.73 2.47688702309
63.364 82 2.73179182354
63.372 96.64 2.97482058654
63.380 116.73 3.25990683319
63.388 140.82 3.5805743702
63.396 164.82 3.86911616267
63.404 184.27 4.08930410055
63.412 210.82 4.38107954338
63.420 218.91 4.45877962068
63.428 228.36 4.55960752588
63.436 197.27 4.2409446484
63.444 177.46 4.01933935529
63.452 144.91 3.6297700432
63.460 112.45 3.19928344075
63.468 86.82 2.80606766633
63.476 62.09 2.37691344271
63.484 48.91 2.10818510678
63.492 39.73 1.90002850064
63.500 31.36 1.69030850946
63.508 27.91 1.59923255252
63.516 24.91 1.50927278118
63.524 18.82 1.30968158963
63.532 20 1.34962721696
63.540 17.09 1.25
63.548 13.27 1.10029712034
63.556 13.54 1.10974190405
63.564 13.82 1.12013621685
63.572 12.46 1.07026883178
63.580 14.09 1.1403464899
63.588 15.18 1.18015154119
63.596 13.91 1.13010583937
63.604 12.91 1.08979285007
63.612 11.46 1.0200895678
63.620 9.91 0.949157995752
63.628 9.82 0.949157995752
63.636 11.09 1.01015254455
63.644 9.09 0.909090909091
63.652 9.54 0.940720868384
63.660 8.54 0.890870806375
63.668 9.18 0.920574617898
63.676 7.82 0.851256530759
63.684 8.27 0.870388279778
63.692 8.18 0.870388279778
63.700 7.46 0.830454798537
63.708 8.64 0.890870806375
63.716 7.09 0.811107105654
63.724 5 0.68041381744
63.732 6.91 0.800640769025
63.740 5.27 0.700140042014
63.748 5.82 0.729324957489
63.756 7.54 0.830454798537
63.764 5.64 0.719815750749
63.772 6.36 0.769230769231
63.780 5.91 0.739221270955
63.788 6.36 0.769230769231
63.796 6.46 0.769230769231
63.804 5.18 0.690065559342
63.812 6.18 0.76028592127
63.820 5.46 0.710669054519
63.828 6.36 0.769230769231
63.836 5.18 0.690065559342
63.844 5.27 0.700140042014
63.852 7.09 0.811107105654
63.860 6.73 0.790569415042
63.868 5.46 0.710669054519
63.876 6 0.739221270955
63.884 4.27 0.629940788349
63.892 4.91 0.669649530182
63.900 5.82 0.729324957489
63.908 6.46 0.769230769231
63.916 5.73 0.729324957489
63.924 5.64 0.719815750749
63.932 6.09 0.749531688996
63.940 6.09 0.749531688996
63.948 5.36 0.700140042014
63.956 5.18 0.690065559342
63.964 6.09 0.749531688996
63.972 5.36 0.700140042014
63.980 5.82 0.729324957489
63.988 5.54 0.719815750749
63.996 6.64 0.780868809443
64.004 5.46 0.710669054519
64.012 6 0.739221270955
64.020 4.91 0.669649530182
64.028 5.27 0.700140042014
64.036 5.27 0.700140042014
64.044 6.73 0.790569415042
64.052 4.73 0.659380473396
64.060 4.91 0.669649530182
64.068 4.36 0.640184399664
64.076 5 0.68041381744
64.084 5.36 0.700140042014
64.092 5.18 0.690065559342
64.100 5.54 0.719815750749
64.108 5.54 0.719815750749
64.116 5.73 0.729324957489
64.124 5.09 0.690065559342
64.132 5 0.68041381744
64.140 5.09 0.690065559342
64.148 4.54 0.649569802462
64.156 4.73 0.659380473396
64.164 4.82 0.669649530182
64.172 6.27 0.76028592127
64.180 6.09 0.749531688996
64.188 4.54 0.649569802462
64.196 6.82 0.790569415042
64.204 6.46 0.769230769231
66.700 6.5 1.29968811228
66.708 4.5 1.08979285007
66.716 6 1.25
66.724 5.5 1.20038418442
66.732 4.25 1.05999788001
66.740 9.25 1.53937267952
66.748 4 1.02977929046
66.756 5.75 1.21987509119
66.764 4.5 1.08979285007
66.772 4.5 1.08979285007
66.780 4.25 1.05999788001
66.788 6 1.25
66.796 5.75 1.21987509119
66.804 4.5 1.08979285007
66.812 6 1.25
66.820 6.75 1.31990919337
66.828 4.25 1.05999788001
66.836 6.25 1.27000127
66.844 6.75 1.31990919337
66.852 8.25 1.46020415081
66.860 6.5 1.29968811228
66.868 7.75 1.40998991861
66.876 6.5 1.29968811228
66.884 5.25 1.16961064294
66.892 7.25 1.3697345027
66.900 8 1.44037800479
66.908 4.5 1.08979285007
66.916 6.25 1.27000127
66.924 5.5 1.20038418442
66.932 6.75 1.31990919337
66.940 6.5 1.29968811228
66.948 8 1.44037800479
66.956 7.5 1.38942503594
66.964 7 1.34962721696
66.972 8.5 1.47925109682
66.980 5.25 1.16961064294
66.988 6.5 1.29968811228
66.996 8 1.44037800479
67.004 5.75 1.21987509119
67.012 8 1.44037800479
67.020 6.75 1.31990919337
67.028 10 1.59923255252
67.036 7.5 1.38942503594
67.044 5.5 1.20038418442
67.052 8 1.44037800479
67.060 4.5 1.08979285007
67.068 5.25 1.16961064294
67.076 6.75 1.31990919337
67.084 9.5 1.5598365377
67.092 6.5 1.29968811228
67.100 10.75 1.65976532577
67.108 4.5 1.08979285007
67.116 9.25 1.53937267952
67.124 9.5 1.5598365377
67.132 6.75 1.31990919337
67.140 10.5 1.63956458946
67.148 10 1.59923255252
67.156 5.75 1.21987509119
67.164 11.25 1.7000510023
67.172 14.5 1.92094687599
67.180 13.25 1.8411492358
67.188 15.5 1.98029508595
67.196 13.5 1.85058302549
67.204 11.25 1.7000510023
67.212 11 1.68073161363
67.220 14.5 1.92094687599
67.228 13.5 1.85058302549
67.236 21.25 2.3186944788
67.244 20.75 2.28814380978
67.252 22.25 2.3702273157
67.260 19.5 2.21948380809
67.268 21.5 2.3312620206
67.276 28 2.66311820646
67.284 29.75 2.74204248554
67.292 28 2.66311820646
67.300 23.5 2.43975018237
67.308 28.75 2.69190951029
67.316 25.75 2.54823595719
67.324 28.5 2.68220890393
67.332 30.25 2.76289481998
67.340 27.5 2.62612865719
67.348 26 2.55654996282
67.356 24.75 2.5
67.364 31.5 2.8171808491
67.372 26.75 2.59937622455
67.380 30.5 2.77350098113
67.388 34.25 2.93610109757
67.396 37 3.05708920258
67.404 34.75 2.9617443888
67.412 38.25 3.10086836473
67.420 38.75 3.11588476425
67.428 46 3.40010200459
67.436 51.25 3.58979079309
67.444 52.5 3.6297700432
67.452 57.75 3.8096965888
67.460 71 4.2182454061
67.468 81.75 4.53143254429
67.476 99.25 4.98754668054
67.484 115.25 5.36828127095
67.492 154.25 6.21369766001
67.500 165.5 6.44156626401
67.508 221.25 7.43294146247
67.516 269.25 8.21994936527
67.524 346.75 9.3250480824
67.532 452.5 10.6419116293
67.540 585.75 12.1001191868
67.548 734.5 13.5457092296
67.556 909.25 15.0755672289
67.564 1046.5 16.1796200423
67.572 1136.75 16.8549965616
67.580 1118.5 16.7131567616
67.588 1118.25 16.7131567616
67.596 981.5 15.6748284106
67.604 814 14.2711593005
67.612 609 12.33722017
67.620 462 10.7520666114
67.628 345.25 9.28476690885
67.636 265.25 8.13788458771
67.644 191.75 6.93375245282
67.652 155.75 6.23782861552
67.660 136.75 5.85205735981
67.668 133.5 5.78314931966
67.676 131 5.72598334314
67.684 141 5.94438298278
67.692 138.75 5.89255650989
67.700 173.25 6.59380473396
67.708 208 7.21687836487
67.716 245.25 7.83260449988
67.724 301.25 8.67109969524
67.732 359.25 9.49157995752
67.740 439.75 10.4886129255
67.748 531.5 11.5316401004
67.756 579.5 12.0385853086
67.764 601 12.2627867897
67.772 594.25 12.1896845777
67.780 573.75 11.9779807545
67.788 477.25 10.9304305964
67.796 399.5 10
67.804 323.25 8.98026510134
67.812 238.25 7.7151674981
67.820 196 7.00140042014
67.828 137.25 5.86210381761
67.836 104.75 5.12315519579
67.844 85.5 4.63241054612
67.852 65.75 4.05887479234
67.860 61.75 3.9405520312
67.868 51.25 3.58979079309
67.876 39.5 3.14658387764
67.884 46.75 3.42997170285
67.892 32.75 2.87479787288
67.900 36.5 3.02891266408
67.908 31.75 2.82842712475
67.916 28.5 2.68220890393
67.924 28.25 2.67261241912
67.932 28.75 2.69190951029
67.940 19.25 2.2086305215
67.948 27.5 2.62612865719
67.956 21.25 2.3186944788
67.964 23.5 2.43975018237
67.972 22.5 2.37691344271
67.980 22 2.35702260396
67.988 18 2.14176468439
67.996 22.5 2.37691344271
68.004 19.5 2.21948380809
68.012 20 2.24733287488
68.020 19.25 2.2086305215
68.028 16.25 2.02860206483
68.036 17.75 2.12238179989
68.044 16.5 2.04980015423
68.052 13.25 1.8411492358
68.060 13 1.81968631312
68.068 12.75 1.7989569074
68.076 14 1.88982236505
68.084 10.75 1.65976532577
68.092 6.75 1.31990919337
68.100 12 1.74874354196
68.108 7.5 1.38942503594
68.116 10 1.59923255252
68.124 11.5 1.70996392014
68.132 10.75 1.65976532577
68.140 9.75 1.57916610464
68.148 10.75 1.65976532577
68.156 7.75 1.40998991861
68.164 9.75 1.57916610464
68.172 6.25 1.27000127
68.180 9.75 1.57916610464
68.188 9 1.51969366063
68.196 6.25 1.27000127
68.204 7.25 1.3697345027
68.212 8 1.44037800479
68.220 6.75 1.31990919337
68.228 6.5 1.29968811228
68.236 5.75 1.21987509119
68.244 5 1.15010926557
68.252 8.25 1.46020415081
68.260 7.5 1.38942503594
68.268 6.75 1.31990919337
68.276 7.25 1.3697345027
68.284 6.75 1.31990919337
68.292 9 1.51969366063
68.300 9.75 1.57916610464
68.308 6.5 1.29968811228
68.316 5.75 1.21987509119
68.324 7 1.34962721696
68.332 7.25 1.3697345027
68.340 8.5 1.47925109682
68.348 7 1.34962721696
68.356 10.25 1.62008392252
68.364 5.75 1.21987509119
68.372 11.5 1.70996392014
68.380 6.75 1.31990919337
68.388 7 1.34962721696
68.396 6.5 1.29968811228
68.404 5.75 1.21987509119
68.412 7.75 1.40998991861
68.420 6.75 1.31990919337
68.428 7.5 1.38942503594
68.436 5 1.15010926557
68.444 7 1.34962721696
68.452 9.75 1.57916610464
68.460 8 1.44037800479
68.468 5.5 1.20038418442
68.476 6.75 1.31990919337
68.484 7.75 1.40998991861
68.492 7.75 1.40998991861
68.500 6.75 1.31990919337
68.508 6 1.25
68.516 5.75 1.21987509119
68.524 8.75 1.50075056297
68.532 7.5 1.38942503594
68.540 6.5 1.29968811228
68.548 7.5 1.38942503594
68.556 3.75 1
68.564 5.75 1.21987509119
68.572 5.5 1.20038418442
68.580 5.5 1.20038418442
68.588 5.5 1.20038418442
68.596 6.5 1.29968811228
70.900 4.67 0.901669634667
70.908 5.83 1
70.916 4.83 0.909090909091
70.924 4.33 0.870388279778
70.932 3.83 0.819231920519
70.940 4.67 0.901669634667
70.948 5 0.928476690885
70.956 5.83 1
70.964 4.5 0.880450906326
70.972 3.83 0.819231920519
70.980 6 1.01015254455
70.988 6.5 1.05001706292
70.996 4.67 0.901669634667
71.004 3.33 0.76028592127
71.012 5 0.928476690885
71.020 5.33 0.957826285221
71.028 3.5 0.780868809443
71.036 6 1.01015254455
71.044 5.5 0.971285862357
71.052 5 0.928476690885
71.060 5.33 0.957826285221
71.068 6.17 1.02977929046
71.076 4.33 0.870388279778
71.084 4.17 0.851256530759
71.092 4.67 0.901669634667
71.100 6 1.01015254455
71.108 6.67 1.07026883178
71.116 5.67 0.990147542977
71.124 4.83 0.909090909091
71.132 6.5 1.05001706292
71.140 6 1.01015254455
71.148 4.17 0.851256530759
71.156 6.5 1.05001706292
71.164 5.33 0.957826285221
71.172 6 1.01015254455
71.180 7.17 1.10974190405
71.188 4.83 0.909090909091
71.196 5.5 0.971285862357
71.204 7.5 1.13010583937
71.212 8.5 1.20038418442
71.220 6.17 1.02977929046
71.228 6.67 1.07026883178
71.236 6.83 1.08021347127
71.244 6.83 1.08021347127
71.252 6 1.01015254455
71.260 6.5 1.05001706292
71.268 7.17 1.10974190405
71.276 8.17 1.18015154119
71.284 8 1.16961064294
71.292 6.67 1.07026883178
71.300 6.67 1.07026883178
71.308 9.17 1.25
71.316 6.5 1.05001706292
71.324 6.67 1.07026883178
71.332 7.17 1.10974190405
71.340 8.5 1.20038418442
71.348 9 1.24034734589
71.356 10 1.29968811228
71.364 8.83 1.21987509119
71.372 11.67 1.40028008403
71.380 7.17 1.10974190405
71.388 8.83 1.21987509119
71.396 10.67 1.33990004718
71.404 11.33 1.38013111868
71.412 12 1.41990458562
71.420 10.5 1.33038021048
71.428 13 1.47925109682
71.436 14.67 1.56941205144
71.444 13 1.47925109682
71.452 17.33 1.70996392014
71.460 15.5 1.62008392252
71.468 19 1.7902871851
71.476 14.17 1.55043418237
71.484 16.83 1.68073161363
71.492 22 1.92094687599
71.500 17.83 1.73032135051
71.508 19.83 1.8287923899
71.516 21.17 1.88982236505
71.524 21 1.87977895099
71.532 19.67 1.81968631312
71.540 24 2.00804832226
71.548 20.67 1.86016332951
71.556 20.33 1.85058302549
71.564 23 1.96116135138
71.572 22 1.92094687599
71.580 19.83 1.8287923899
71.588 25.33 2.05846742398
71.596 24 2.00804832226
71.604 23.5 1.98810693122
71.612 28.5 2.1873931963
71.620 28.67 2.1873931963
71.628 32.33 2.3312620206
71.636 33.83 2.37691344271
71.644 39.5 2.57342506327
71.652 47.67 2.8171808491
71.660 49.17 2.87479787288
71.668 57.17 3.08606699924
71.676 78 3.61079072337
71.684 79.83 3.64905182584
71.692 96.83 4.01933935529
71.700 117.67 4.4280744277
71.708 159.5 5.15710623129
71.716 197.67 5.73539334676
71.724 257.83 6.56532164299
71.732 341.83 7.55928946018
71.740 430.17 8.4818892968
71.748 533.33 9.44911182523
71.756 656.5 10.4598848164
71.764 718.17 10.9369659815
71.772 791.5 11.4934936508
71.780 807.5 11.601271569
71.788 738 11.0905919595
71.796 669.17 10.558537786
71.804 523.83 9.36585811582
71.812 404 8.21994936527
71.820 293 6.9843029577
71.828 222.33 6.0858061945
71.836 166 5.26315789474
71.844 131.67 4.68807230938
71.852 111.83 4.31934212791
71.860 92.33 3.93140566985
71.868 89.67 3.86911616267
71.876 81.67 3.69106735263
71.884 82.33 3.70879470776
71.892 84.33 3.75029300309
71.900 90.5 3.88954920792
71.908 111.5 4.31130613559
71.916 115.33 4.38951281306
71.924 148.33 4.96903995
71.932 193 5.67047977124
71.940 228.5 6.16626415978
71.948 266.67 6.66666666667
71.956 314 7.23574605292
71.964 373 7.88110406239
71.972 415.83 8.33333333333
71.980 419.5 8.36242010007
71.988 406.33 8.21994936527
71.996 375 7.90569415042
72.004 323.33 7.33235575107
72.012 262.67 6.62266178533
72.020 204.67 5.84206237837
72.028 153 5.05076272276
72.036 118 4.44115591684
72.044 93.17 3.9405520312
72.052 66.17 3.32044550085
72.060 56.33 3.07147558417
72.068 45.33 2.75240941282
72.076 42.67 2.67261241912
72.084 34 2.39045721867
72.092 32.5 2.3312620206
72.100 29 2.19793491132
72.108 25.33 2.05846742398
72.116 24.5 2.02860206483
72.124 24 2.00804832226
72.132 22 1.92094687599
72.140 26.33 2.09887740081
72.148 20.5 1.86016332951
72.156 19.33 1.7989569074
72.164 22 1.92094687599
72.172 18.17 1.74874354196
72.180 17.83 1.73032135051
72.188 17.5 1.72005229038
72.196 15.33 1.60955694995
72.204 15.17 1.59923255252
72.212 14.67 1.56941205144
72.220 14.5 1.5598365377
72.228 13.67 1.51969366063
72.236 12.83 1.46963506144
72.244 15.5 1.62008392252
72.252 11.67 1.40028008403
72.260 9.33 1.2598815767
72.268 10.5 1.33038021048
72.276 10.5 1.33038021048
72.284 9.5 1.27000127
72.292 8.5 1.20038418442
72.300 8.17 1.18015154119
72.308 9.83 1.28991996295
72.316 8.33 1.19013889731
72.324 9 1.24034734589
72.332 7.17 1.10974190405
72.340 8.17 1.18015154119
72.348 6.67 1.07026883178
72.356 6.5 1.05001706292
72.364 7 1.08979285007
72.372 6.67 1.07026883178
72.380 6.5 1.05001706292
72.388 7.83 1.15010926557
72.396 6.67 1.07026883178
72.404 6.83 1.08021347127
72.412 5.33 0.957826285221
72.420 5.5 0.971285862357
72.428 6.83 1.08021347127
72.436 6.83 1.08021347127
72.444 5.67 0.990147542977
72.452 7.5 1.13010583937
72.460 5.33 0.957826285221
72.468 7.17 1.10974190405
72.476 7.83 1.15010926557
72.484 8.33 1.19013889731
72.492 5.17 0.940720868384
72.500 8 1.16961064294
72.508 7.83 1.15010926557
72.516 6.17 1.02977929046
72.524 6.17 1.02977929046
72.532 5.67 0.990147542977
72.540 5.17 0.940720868384
72.548 6.17 1.02977929046
72.556 6.67 1.07026883178
72.564 5.17 0.940720868384
72.572 5.17 0.940720868384
72.580 6.33 1.03975048982
72.588 6.67 1.07026883178
72.596 4 0.830454798537
72.604 5.67 0.990147542977
72.612 5.67 0.990147542977
72.620 7.83 1.15010926557
72.628 5.67 0.990147542977
72.636 5.33 0.957826285221
72.644 6.17 1.02977929046
72.652 7.83 1.15010926557
72.660 6.33 1.03975048982
72.668 5.67 0.990147542977
72.676 8.67 1.21001191868
72.684 5.67 0.990147542977
72.692 7.17 1.10974190405
72.700 6.33 1.03975048982
75.000 4.11 0.68041381744
75.008 3.78 0.659380473396
75.016 5.56 0.790569415042
75.024 4.44 0.710669054519
75.032 4.56 0.719815750749
75.040 5.67 0.800640769025
75.048 4.56 0.719815750749
75.056 3.33 0.620173672946
75.064 3.89 0.669649530182
75.072 4 0.68041381744
75.080 5.22 0.769230769231
75.088 4.89 0.749531688996
75.096 4.56 0.719815750749
75.104 3.89 0.669649530182
75.112 4.89 0.749531688996
75.120 4.78 0.739221270955
75.128 4.11 0.68041381744
75.136 5.22 0.769230769231
75.144 4.33 0.700140042014
75.152 4.33 0.700140042014
75.160 4.67 0.729324957489
75.168 4.44 0.710669054519
75.176 5.44 0.790569415042
75.184 4.67 0.729324957489
75.192 5.56 0.790569415042
75.200 4.11 0.68041381744
75.208 4 0.68041381744
75.216 5.44 0.790569415042
75.224 4.67 0.729324957489
75.232 3.89 0.669649530182
75.240 5.22 0.769230769231
75.248 4 0.68041381744
75.256 4.56 0.719815750749
75.264 5.11 0.76028592127
75.272 5 0.749531688996
75.280 5.56 0.790569415042
75.288 4 0.68041381744
75.296 4.22 0.690065559342
75.304 5.67 0.800640769025
75.312 6 0.819231920519
75.320 5 0.749531688996
75.328 4.56 0.719815750749
75.336 5.89 0.819231920519
75.344 5.56 0.790569415042
75.352 6.33 0.851256530759
75.360 4.56 0.719815750749
75.368 6.78 0.870388279778
75.376 6.44 0.851256530759
75.384 6.11 0.830454798537
75.392 6.78 0.870388279778
75.400 6.33 0.851256530759
75.408 6.33 0.851256530759
75.416 6.44 0.851256530759
75.424 7.67 0.928476690885
75.432 7 0.890870806375
75.440 7 0.890870806375
75.448 7.78 0.940720868384
75.456 8.11 0.957826285221
75.464 7.22 0.901669634667
75.472 9.22 1.0200895678
75.480 9.11 1.01015254455
75.488 9.33 1.0200895678
75.496 9.33 1.0200895678
75.504 10 1.05999788001
75.512 10.22 1.07026883178
75.520 10.78 1.10029712034
75.528 7.89 0.940720868384
75.536 8.67 0.990147542977
75.544 10.11 1.07026883178
75.552 11.56 1.1403464899
75.560 10.44 1.08021347127
75.568 13.11 1.21001191868
75.576 12.22 1.16961064294
75.584 12.44 1.18015154119
75.592 13.89 1.25
75.600 10.67 1.08979285007
75.608 14.67 1.28036879933
75.616 14.11 1.2598815767
75.624 14.44 1.27000127
75.632 16 1.33990004718
75.640 15.56 1.31990919337
75.648 15.11 1.29968811228
75.656 16.11 1.33990004718
75.664 17 1.38013111868
75.672 16.22 1.34962721696
75.680 16 1.33990004718
75.688 17.11 1.38013111868
75.696 19.56 1.47925109682
75.704 18 1.41990458562
75.712 19.78 1.490711985
75.720 21.22 1.53937267952
75.728 22 1.56941205144
75.736 23.56 1.62008392252
75.744 24.44 1.650695502
75.752 34.67 1.9687480774
75.760 38.44 2.07167697616
75.768 40.33 2.12238179989
75.776 46.56 2.28217732294
75.784 64.11 2.67261241912
75.792 67.22 2.74204248554
75.800 85.67 3.08606699924
75.808 108.44 3.46896156568
75.816 140.78 3.95903791232
75.824 175 4.41081091391
75.832 237.11 5.12989176043
75.840 290.78 5.68880123989
75.848 365.22 6.37576713063
75.856 432.11 6.93375245282
75.864 471 7.23574605292
75.872 511.33 7.53778361444
75.880 508.56 7.51646028003
75.888 473 7.2547625011
75.896 410.56 6.75737378399
75.904 331.67 6.07456739231
75.912 261.78 5.39163866017
75.920 189.22 4.58831467741
75.928 144.56 4.00963469882
75.936 103.22 3.3903175181
75.944 83.11 3.04290309725
75.952 72.44 2.83980917124
75.960 62 2.62612865719
75.968 55.22 2.47688702309
75.976 50.33 2.3702273157
75.984 47.89 2.31248645031
75.992 50.89 2.37691344271
76.000 51.89 2.39731650743
76.008 58.67 2.55654996282
76.016 59.44 2.57342506327
76.024 66.22 2.71163072273
76.032 79.11 2.97482058654
76.040 99.44 3.32963579106
76.048 117 3.61079072337
76.056 157 4.18121005004
76.064 176.78 4.4280744277
76.072 210.67 4.83933918496
76.080 244.67 5.21995750972
76.088 263.22 5.40738070436
76.096 269.56 5.47175655165
76.104 250.44 5.27779813969
76.112 234 5.1031036308
76.120 197.33 4.67780269725
76.128 158.56 4.19960525566
76.136 127.89 3.76889180722
76.144 103 3.38061701891
76.152 73 2.85132974256
76.160 53.89 2.44704392116
76.168 48.56 2.3312620206
76.176 36.11 2.00804832226
76.184 34 1.94994393992
76.192 24.22 1.63956458946
76.200 29.22 1.81071492085
76.208 22.33 1.57916610464
76.216 19.78 1.490711985
76.224 17.33 1.38942503594
76.232 17 1.38013111868
76.240 17.78 1.40998991861
76.248 14.11 1.2598815767
76.256 14.33 1.27000127
76.264 15.44 1.30968158963
76.272 13.44 1.22998345683
76.280 13.22 1.21987509119
76.288 14.56 1.28036879933
76.296 13 1.21001191868
76.304 12.22 1.16961064294
76.312 12.56 1.19013889731
76.320 10.67 1.08979285007
76.328 11.67 1.1403464899
76.336 9 1.01015254455
76.344 11 1.10974190405
76.352 9.89 1.05001706292
76.360 7.67 0.928476690885
76.368 9.67 1.03975048982
76.376 9.89 1.05001706292
76.384 6.33 0.851256530759
76.392 7.89 0.940720868384
76.400 6.44 0.851256530759
76.408 6.22 0.839181358297
76.416 7.44 0.920574617898
76.424 6.67 0.870388279778
76.432 6.67 0.870388279778
76.440 6.22 0.839181358297
76.448 6 0.819231920519
76.456 7.56 0.920574617898
76.464 5.78 0.811107105654
76.472 6.44 0.851256530759
76.480 4.78 0.739221270955
76.488 6.44 0.851256530759
76.496 7.89 0.940720868384
76.504 6.44 0.851256530759
76.512 6 0.819231920519
76.520 5.44 0.790569415042
76.528 4.56 0.719815750749
76.536 6.67 0.870388279778
76.544 5.11 0.76028592127
76.552 5.78 0.811107105654
76.560 5.78 0.811107105654
76.568 6.33 0.851256530759
76.576 5.22 0.769230769231
76.584 5.56 0.790569415042
76.592 5.89 0.819231920519
76.600 5.89 0.819231920519
76.608 5.56 0.790569415042
76.616 5.11 0.76028592127
76.624 6 0.819231920519
76.632 5.89 0.819231920519
76.640 6.44 0.851256530759
76.648 5.44 0.790569415042
76.656 3.89 0.669649530182
76.664 3.11 0.599760143904
76.672 5.56 0.790569415042
76.680 4.89 0.749531688996
76.688 4.33 0.700140042014
76.696 4.11 0.68041381744
76.704 5 0.749531688996
76.712 5.11 0.76028592127
76.720 3.67 0.649569802462
76.728 4.56 0.719815750749
76.736 4.67 0.729324957489
76.744 3.67 0.649569802462
76.752 4.67 0.729324957489
76.760 4.22 0.690065559342
76.768 4.33 0.700140042014
76.776 4.78 0.739221270955
76.784 5.22 0.769230769231
76.792 5.78 0.811107105654
76.800 4.44 0.710669054519
76.808 4.44 0.710669054519
76.816 4.44 0.710669054519
76.824 3.89 0.669649530182
76.832 4.11 0.68041381744
76.840 4 0.68041381744
76.848 3.67 0.649569802462
76.856 3.33 0.620173672946
76.864 4.44 0.710669054519
76.872 5.44 0.790569415042
76.880 4.67 0.729324957489
76.888 3.67 0.649569802462
76.896 4 0.68041381744
76.904 4.67 0.729324957489
79.300 3.75 0.279508497187
79.308 3.77 0.279508497187
79.316 4.13 0.300150112594
79.324 3.6 0.279508497187
79.332 3.81 0.289885517826
79.340 4.25 0.300150112594
79.348 3.7 0.279508497187
79.356 3.75 0.279508497187
79.364 4.04 0.289885517826
79.372 4.04 0.289885517826
79.380 4.6 0.310086836473
79.388 3.89 0.289885517826
79.396 4.08 0.300150112594
79.404 4.11 0.300150112594
79.412 4.68 0.319928344075
79.420 4.15 0.300150112594
79.428 4.23 0.300150112594
79.436 4.23 0.300150112594
79.444 3.79 0.279508497187
79.452 4.28 0.300150112594
79.460 3.55 0.279508497187
79.468 4.94 0.319928344075
79.476 4.3 0.300150112594
79.484 4.08 0.300150112594
79.492 3.51 0.270171613479
79.500 4.15 0.300150112594
79.508 4.6 0.310086836473
79.516 4.23 0.300150112594
79.524 4.7 0.319928344075
79.532 4.55 0.310086836473
79.540 4.02 0.289885517826
79.548 4.6 0.310086836473
79.556 4.72 0.319928344075
79.564 4.43 0.310086836473
79.572 4.77 0.319928344075
79.580 5.4 0.340010200459
79.588 5.21 0.330049180992
79.596 5.66 0.350070021007
79.604 5.68 0.350070021007
79.612 5.66 0.350070021007
79.620 4.62 0.310086836473
79.628 5.7 0.350070021007
79.636 4.98 0.330049180992
79.644 5.87 0.350070021007
79.652 6.11 0.359907875374
79.660 5.3 0.340010200459
79.668 5.19 0.330049180992
79.676 5.57 0.350070021007
79.684 6.25 0.370116605099
79.692 6.08 0.359907875374
79.700 5.6 0.350070021007
79.708 5.96 0.359907875374
79.716 5.83 0.350070021007
79.724 6.08 0.359907875374
79.732 7.21 0.39013715732
79.740 7.02 0.39013715732
79.748 6.72 0.379868588199
79.756 7.75 0.409960030845
79.764 8.04 0.409960030845
79.772 7.96 0.409960030845
79.780 9.11 0.439799497134
79.788 9.66 0.449921270666
79.796 9.89 0.459800489872
79.804 10.96 0.480015360737
79.812 14.19 0.549649709929
79.820 15.51 0.569802882298
79.828 19.23 0.640184399664
79.836 22.87 0.700140042014
79.844 29.83 0.800640769025
79.852 34.34 0.860662965824
79.860 45 0.980580675691
79.868 56.13 1.08979285007
79.876 67.6 1.20038418442
79.884 79.36 1.29968811228
79.892 89.51 1.38013111868
79.900 91.85 1.40028008403
79.908 87.25 1.35956935663
79.916 82.11 1.31990919337
79.924 70.43 1.21987509119
79.932 56.49 1.10029712034
79.940 43.64 0.957826285221
79.948 33.53 0.839181358297
79.956 26.81 0.76028592127
79.964 21.4 0.68041381744
79.972 18.51 0.629940788349
79.980 15.96 0.580258853186
79.988 12.77 0.51987524491
79.996 12.72 0.51987524491
80.004 11 0.480015360737
80.012 11.26 0.490290337845
80.020 10.7 0.480015360737
80.028 11.17 0.490290337845
80.036 11 0.480015360737
80.044 11.51 0.5
80.052 12.11 0.51031036308
80.060 13.02 0.529998940003
80.068 15.04 0.569802882298
80.076 16.98 0.599760143904
80.084 21.45 0.68041381744
80.092 24.49 0.719815750749
80.100 28.47 0.780868809443
80.108 34.15 0.851256530759
80.116 41.94 0.940720868384
80.124 45.15 0.980580675691
80.132 47.7 1.01015254455
80.140 49.17 1.0200895678
80.148 45.77 0.990147542977
80.156 41.68 0.940720868384
80.164 36.15 0.880450906326
80.172 30.51 0.811107105654
80.180 24.11 0.719815750749
80.188 20.02 0.649569802462
80.196 14.77 0.559892510956
80.204 12.3 0.51031036308
80.212 10.34 0.469840985735
80.220 10.15 0.469840985735
80.228 7.57 0.4
80.236 7.72 0.409960030845
80.244 6.6 0.379868588199
80.252 6.81 0.379868588199
80.260 6.28 0.370116605099
80.268 6.19 0.359907875374
80.276 6.3 0.370116605099
80.284 5.64 0.350070021007
80.292 6.15 0.359907875374
80.300 5.08 0.330049180992
80.308 5.6 0.350070021007
80.316 5.47 0.340010200459
80.324 5.45 0.340010200459
80.332 5.47 0.340010200459
80.340 5.25 0.340010200459
80.348 4.53 0.310086836473
80.356 5.17 0.330049180992
80.364 5.57 0.350070021007
80.372 4.72 0.319928344075
80.380 4.6 0.310086836473
80.388 4.47 0.310086836473
80.396 5.21 0.330049180992
80.404 4.57 0.310086836473
80.412 4.83 0.319928344075
80.420 4.04 0.289885517826
80.428 4.75 0.319928344075
80.436 4.34 0.300150112594
80.444 4.06 0.289885517826
80.452 4.19 0.300150112594
80.460 4.02 0.289885517826
80.468 4.6 0.310086836473
80.476 4.45 0.310086836473
80.484 4.11 0.300150112594
80.492 4.06 0.289885517826
80.500 3.34 0.270171613479
80.508 3.19 0.259937622455
80.516 3.57 0.279508497187
80.524 3.7 0.279508497187
80.532 4.15 0.300150112594
80.540 3.62 0.279508497187
80.548 3.89 0.289885517826
80.556 3.94 0.289885517826
80.564 3.96 0.289885517826
80.572 4.02 0.289885517826
80.580 3.77 0.279508497187
80.588 4.15 0.300150112594
80.596 3.94 0.289885517826
80.604 3.66 0.279508497187
80.612 4.11 0.300150112594
80.620 4.25 0.300150112594
80.628 3.62 0.279508497187
80.636 4.02 0.289885517826
80.644 3.89 0.289885517826
80.652 4.04 0.289885517826
80.660 3.83 0.289885517826
80.668 3.7 0.279508497187
80.676 3.6 0.279508497187
80.684 3.38 0.270171613479
80.692 3.79 0.279508497187
80.700 3.94 0.289885517826
80.708 3.77 0.279508497187
80.716 3.34 0.270171613479
80.724 4.02 0.289885517826
80.732 3.68 0.279508497187
80.740 3.75 0.279508497187
80.748 3.87 0.289885517826
80.756 3.53 0.270171613479
80.764 3.79 0.279508497187
80.772 3.81 0.289885517826
80.780 3.83 0.289885517826
80.788 4.49 0.310086836473
80.796 4.11 0.300150112594
80.804 3.83 0.289885517826
83.000 4.8 0.569802882298
83.008 3.73 0.5
83.016 4.33 0.539949247156
83.024 3.93 0.51987524491
83.032 3.67 0.5
83.040 3.8 0.51031036308
83.048 5.87 0.629940788349
83.056 3.87 0.51031036308
83.064 3.93 0.51987524491
83.072 4.2 0.529998940003
83.080 3.27 0.469840985735
83.088 5.47 0.60971076085
83.096 5.27 0.599760143904
83.104 4.27 0.539949247156
83.112 4.13 0.529998940003
83.120 4.67 0.559892510956
83.128 4.27 0.539949247156
83.136 4 0.51987524491
83.144 4.27 0.539949247156
83.152 4.2 0.529998940003
83.160 3.67 0.5
83.168 3.93 0.51987524491
83.176 4.4 0.549649709929
83.184 4.47 0.549649709929
83.192 5 0.580258853186
83.200 4.47 0.549649709929
83.208 4.4 0.549649709929
83.216 4.73 0.569802882298
83.224 4.4 0.549649709929
83.232 4.87 0.569802882298
83.240 5.2 0.590281336101
83.248 4.67 0.559892510956
83.256 5.13 0.590281336101
83.264 4.4 0.549649709929
83.272 4.27 0.539949247156
83.280 4.2 0.529998940003
83.288 4.13 0.529998940003
83.296 5 0.580258853186
83.304 4.8 0.569802882298
83.312 5 0.580258853186
83.320 5.53 0.60971076085
83.328 5.07 0.580258853186
83.336 4.53 0.549649709929
83.344 5 0.580258853186
83.352 5.33 0.599760143904
83.360 4.93 0.580258853186
83.368 5.87 0.629940788349
83.376 5.53 0.60971076085
83.384 6.2 0.649569802462
83.392 5.87 0.629940788349
83.400 6.4 0.659380473396
83.408 5.93 0.629940788349
83.416 6.67 0.669649530182
83.424 7.27 0.700140042014
83.432 5.4 0.599760143904
83.440 6 0.640184399664
83.448 5.4 0.599760143904
83.456 6.07 0.640184399664
83.464 6.07 0.640184399664
83.472 6.27 0.649569802462
83.480 5.47 0.60971076085
83.488 7.33 0.700140042014
83.496 5.87 0.629940788349
83.504 6.67 0.669649530182
83.512 7.2 0.700140042014
83.520 5.47 0.60971076085
83.528 6.73 0.669649530182
83.536 7.53 0.710669054519
83.544 7.2 0.700140042014
83.552 8.4 0.749531688996
83.560 7.8 0.719815750749
83.568 7.87 0.729324957489
83.576 7.67 0.719815750749
83.584 9.67 0.811107105654
83.592 8.67 0.76028592127
83.600 9.6 0.800640769025
83.608 9.73 0.811107105654
83.616 10.73 0.851256530759
83.624 10.8 0.851256530759
83.632 10.33 0.830454798537
83.640 9.53 0.800640769025
83.648 11.67 0.880450906326
83.656 10.2 0.830454798537
83.664 9.33 0.790569415042
83.672 9.6 0.800640769025
83.680 12.07 0.901669634667
83.688 11.6 0.880450906326
83.696 13.67 0.957826285221
83.704 14.8 1
83.712 15.87 1.02977929046
83.720 14 0.971285862357
83.728 15.47 1.0200895678
83.736 17.27 1.07026883178
83.744 18.6 1.12013621685
83.752 19.87 1.15010926557
83.760 22.53 1.22998345683
83.768 28.07 1.3697345027
83.776 30 1.41990458562
83.784 33.93 1.50927278118
83.792 44.07 1.72005229038
83.800 49.13 1.81071492085
83.808 68.87 2.14176468439
83.816 82.93 2.35050247361
83.824 110.4 2.71163072273
83.832 137.47 3.02891266408
83.840 172.4 3.3903175181
83.848 216.33 3.79868588199
83.856 245.6 4.04888165089
83.864 288.2 4.38107954338
83.872 306.47 4.52215631646
83.880 304.67 4.50834817334
83.888 292.4 4.41941738242
83.896 259.87 4.15945165404
83.904 212.87 3.76889180722
83.912 168.4 3.35012605086
83.920 130.27 2.9488391231
83.928 100.27 2.59063880075
83.936 78.93 2.28814380978
83.944 64.93 2.08062594644
83.952 50.67 1.8411492358
83.960 41.4 1.65976532577
83.968 37.07 1.56941205144
83.976 36 1.55043418237
83.984 31.93 1.46020415081
83.992 28.6 1.38013111868
84.000 28.53 1.38013111868
84.008 30.47 1.43003138953
84.016 24.33 1.28036879933
84.024 28.6 1.38013111868
84.032 29.73 1.40998991861
84.040 32.07 1.46020415081
84.048 36.87 1.56941205144
84.056 41.33 1.65976532577
84.064 42.27 1.68073161363
84.072 55.27 1.92094687599
84.080 68.93 2.14176468439
84.088 81.67 2.3312620206
84.096 101.4 2.59937622455
84.104 122.2 2.86299167157
84.112 138.73 3.04290309725
84.120 147.2 3.13112145543
84.128 159.6 3.25990683319
84.136 152.47 3.18950466055
84.144 147.07 3.13112145543
84.152 124.8 2.88675134595
84.160 110.4 2.71163072273
84.168 87.67 2.41825416703
84.176 74.6 2.23049868373
84.184 52.67 1.86989398002
84.192 42 1.6689863152
84.200 34.67 1.51969366063
84.208 29.53 1.40028008403
84.216 23.33 1.25
84.224 20.93 1.18015154119
84.232 20.67 1.18015154119
84.240 17.27 1.07026883178
84.248 15.8 1.02977929046
84.256 13.33 0.949157995752
84.264 13.27 0.940720868384
84.272 14.07 0.971285862357
84.280 11.87 0.890870806375
84.288 13.6 0.949157995752
84.296 10 0.819231920519
84.304 9.93 0.819231920519
84.312 10.27 0.830454798537
84.320 10.07 0.819231920519
84.328 9.4 0.790569415042
84.336 9.93 0.819231920519
84.344 8.73 0.769230769231
84.352 8.93 0.769230769231
84.360 8.33 0.749531688996
84.368 8.47 0.749531688996
84.376 7.47 0.710669054519
84.384 7.67 0.719815750749
84.392 7.67 0.719815750749
84.400 7.47 0.710669054519
84.408 5.27 0.599760143904
84.416 7.07 0.690065559342
84.424 6 0.640184399664
84.432 6.8 0.68041381744
84.440 5.8 0.629940788349
84.448 5.87 0.629940788349
84.456 5.2 0.590281336101
84.464 6.27 0.649569802462
84.472 4.8 0.569802882298
84.480 5.67 0.620173672946
84.488 4.67 0.559892510956
84.496 4.13 0.529998940003
84.504 4.13 0.529998940003
84.512 6.6 0.669649530182
84.520 5.87 0.629940788349
84.528 4.33 0.539949247156
84.536 5.4 0.599760143904
84.544 5 0.580258853186
84.552 5.2 0.590281336101
84.560 6 0.640184399664
84.568 5.47 0.60971076085
84.576 4.13 0.529998940003
84.584 5.27 0.599760143904
84.592 5.6 0.60971076085
84.600 5 0.580258853186
84.608 5 0.580258853186
84.616 4.53 0.549649709929
84.624 5.13 0.590281336101
84.632 4.53 0.549649709929
84.640 3.67 0.5
84.648 4.13 0.529998940003
84.656 4.13 0.529998940003
84.664 6 0.640184399664
84.672 4.13 0.529998940003
84.680 4.93 0.580258853186
84.688 4.07 0.51987524491
84.696 4.13 0.529998940003
84.704 4.6 0.559892510956
84.712 4.2 0.529998940003
84.720 4.93 0.580258853186
84.728 5.73 0.620173672946
84.736 4.2 0.529998940003
84.744 5.53 0.60971076085
84.752 3.87 0.51031036308
84.760 5.07 0.580258853186
84.768 4.27 0.539949247156
84.776 4 0.51987524491
84.784 4.87 0.569802882298
84.792 4.53 0.549649709929
84.800 4.47 0.549649709929
84.808 4.6 0.559892510956
84.816 4.47 0.549649709929
84.824 4.33 0.539949247156
84.832 4.4 0.549649709929
84.840 3.87 0.51031036308
84.848 3.93 0.51987524491
84.856 4.2 0.529998940003
84.864 3.53 0.490290337845
84.872 4.53 0.549649709929
84.880 4 0.51987524491
84.888 3.93 0.51987524491
84.896 4.33 0.539949247156
84.904 4.47 0.549649709929
86.900 5.38 0.830454798537
86.908 4.5 0.76028592127
86.916 5.25 0.819231920519
86.924 4 0.719815750749
86.932 5 0.800640769025
86.940 4.88 0.790569415042
86.948 5.5 0.839181358297
86.956 4.75 0.780868809443
86.964 5.5 0.839181358297
86.972 2.62 0.590281336101
86.980 3.5 0.669649530182
86.988 3.88 0.710669054519
86.996 3.88 0.710669054519
87.004 3.75 0.700140042014
87.012 4.75 0.780868809443
87.020 5.62 0.851256530759
87.028 4.25 0.739221270955
87.036 4.5 0.76028592127
87.044 5.75 0.860662965824
87.052 5.5 0.839181358297
87.060 4 0.719815750749
87.068 4.25 0.739221270955
87.076 3.62 0.68041381744
87.084 5.25 0.819231920519
87.092 4.88 0.790569415042
87.100 4.88 0.790569415042
87.108 4.88 0.790569415042
87.116 5.62 0.851256530759
87.124 4.38 0.749531688996
87.132 3.88 0.710669054519
87.140 5 0.800640769025
87.148 5.38 0.830454798537
87.156 6 0.880450906326
87.164 5.5 0.839181358297
87.172 5 0.800640769025
87.180 6.62 0.920574617898
87.188 6.25 0.890870806375
87.196 3.88 0.710669054519
87.204 6.5 0.909090909091
87.212 5.5 0.839181358297
87.220 4.88 0.790569415042
87.228 6.62 0.920574617898
87.236 6.88 0.940720868384
87.244 4.62 0.769230769231
87.252 6.25 0.890870806375
87.260 6.75 0.928476690885
87.268 6 0.880450906326
87.276 7.25 0.957826285221
87.284 7.12 0.949157995752
87.292 7.88 1
87.300 6.5 0.909090909091
87.308 7.25 0.957826285221
87.316 6.38 0.901669634667
87.324 8.5 1.03975048982
87.332 7.62 0.980580675691
87.340 7.75 0.990147542977
87.348 10.25 1.1403464899
87.356 9.25 1.08021347127
87.364 7.5 0.980580675691
87.372 9.5 1.10029712034
87.380 8.75 1.05001706292
87.388 8.12 1.0200895678
87.396 7 0.940720868384
87.404 9.88 1.12013621685
87.412 8.75 1.05001706292
87.420 8.38 1.02977929046
87.428 8 1.01015254455
87.436 10.62 1.1601271569
87.444 9.75 1.10974190405
87.452 8.88 1.05999788001
87.460 8.75 1.05001706292
87.468 8.62 1.05001706292
87.476 10.5 1.15010926557
87.484 10.25 1.1403464899
87.492 12.38 1.25
87.500 12.75 1.27000127
87.508 11.62 1.21001191868
87.516 15 1.38013111868
87.524 15.38 1.38942503594
87.532 13.62 1.30968158963
87.540 17.88 1.50075056297
87.548 15.75 1.40998991861
87.556 16.38 1.44037800479
87.564 13.75 1.31990919337
87.572 17.25 1.46963506144
87.580 19.88 1.57916610464
87.588 15.62 1.40028008403
87.596 18.88 1.53937267952
87.604 19.25 1.5598365377
87.612 22.25 1.6689863152
87.620 22.62 1.69030850946
87.628 21.75 1.650695502
87.636 22.62 1.69030850946
87.644 24.38 1.74874354196
87.652 25.25 1.77892016741
87.660 27.25 1.85058302549
87.668 29.88 1.93891683582
87.676 31.25 1.98029508595
87.684 35 2.09887740081
87.692 37.12 2.16168850584
87.700 38.25 2.1873931963
87.708 46 2.39731650743
87.716 48.25 2.46182981959
87.724 60.12 2.74204248554
87.732 66.5 2.88675134595
87.740 83.75 3.23931774196
87.748 109.75 3.70879470776
87.756 132.75 4.07908508224
87.764 183.25 4.78913142611
87.772 230 5.36056267419
87.780 303.62 6.15457454897
87.788 367 6.77285461479
87.796 447.12 7.47435092752
87.804 525.25 8.11107105654
87.812 575.88 8.4818892968
87.820 619.25 8.80450906326
87.828 609.75 8.73704056661
87.836 565 8.39181358297
87.844 491.5 7.83260449988
87.852 412.5 7.17958158618
87.860 318.38 6.31194403098
87.868 266 5.7735026919
87.876 189.62 4.86792383511
87.884 155.88 4.41941738242
87.892 123.62 3.93140566985
87.900 105 3.62024307128
87.908 90 3.35956570342
87.916 75.12 3.07147558417
87.924 68 2.92352673102
87.932 58.5 2.71163072273
87.940 54.5 2.60820265479
87.948 51.12 2.53184841771
87.956 52.25 2.55654996282
87.964 44.5 2.35702260396
87.972 46.88 2.41825416703
87.980 45.75 2.39045721867
87.988 50.12 2.50784931288
87.996 54.62 2.61711961295
88.004 61.88 2.78423023195
88.012 66.12 2.87479787288
88.020 77 3.10086836473
88.028 95 3.45032779671
88.036 108.12 3.68105086916
88.044 137 4.14157683281
88.052 171.62 4.63241054612
88.060 195.38 4.93864798325
88.068 248.25 5.57278212575
88.076 272.12 5.8321184352
88.084 303.38 6.15457454897
88.092 316.38 6.28694613462
88.100 311.25 6.23782861552
88.108 294 6.06339062591
88.116 269.88 5.81238193719
88.124 219.25 5.24142418361
88.132 189.25 4.86792383511
88.140 144.12 4.24859288662
88.148 113.62 3.76889180722
88.156 93.12 3.40997169735
88.164 70 2.9617443888
88.172 60.88 2.76289481998
88.180 47.62 2.43975018237
88.188 44.88 2.3702273157
88.196 36.12 2.13200716356
88.204 31.88 2
88.212 29 1.91040179975
88.220 24.75 1.75953835769
88.228 23.5 1.72005229038
88.236 21.12 1.63082018263
88.244 25.25 1.77892016741
88.252 18.88 1.53937267952
88.260 18 1.50927278118
88.268 20.5 1.60955694995
88.276 17.88 1.50075056297
88.284 18.75 1.53937267952
88.292 16.12 1.43003138953
88.300 15.25 1.38942503594
88.308 14.75 1.35956935663
88.316 13.25 1.28991996295
88.324 12.88 1.27000127
88.332 14.75 1.35956935663
88.340 13.38 1.29968811228
88.348 12.25 1.24034734589
88.356 12.62 1.2598815767
88.364 9.75 1.10974190405
88.372 10.75 1.16961064294
88.380 9.75 1.10974190405
88.388 9.12 1.08021347127
88.396 11.12 1.19013889731
88.404 9.5 1.10029712034
88.412 7.38 0.971285862357
88.420 8.62 1.05001706292
88.428 7.5 0.980580675691
88.436 8.88 1.05999788001
88.444 8.62 1.05001706292
88.452 5.62 0.851256530759
88.460 7.25 0.957826285221
88.468 7.12 0.949157995752
88.476 6.25 0.890870806375
88.484 6.88 0.940720868384
88.492 6 0.880450906326
88.500 6.25 0.890870806375
88.508 6.12 0.880450906326
88.516 6.62 0.920574617898
88.524 6.62 0.920574617898
88.532 7.38 0.971285862357
88.540 4.5 0.76028592127
88.548 6.5 0.909090909091
88.556 5.25 0.819231920519
88.564 5.62 0.851256530759
88.572 6.88 0.940720868384
88.580 5.38 0.830454798537
88.588 4.88 0.790569415042
88.596 5.62 0.851256530759
88.604 6.75 0.928476690885
88.612 6.62 0.920574617898
88.620 5.25 0.819231920519
88.628 6 0.880450906326
88.636 5.12 0.811107105654
88.644 4.62 0.769230769231
88.652 6.25 0.890870806375
88.660 5.88 0.870388279778
88.668 5.75 0.860662965824
88.676 5.12 0.811107105654
88.684 5.88 0.870388279778
88.692 7.12 0.949157995752
88.700 6.25 0.890870806375
88.708 3.88 0.710669054519
88.716 6.88 0.940720868384
88.724 5.12 0.811107105654
88.732 5.75 0.860662965824
88.740 5.12 0.811107105654
88.748 4.62 0.769230769231
88.756 6.62 0.920574617898
88.764 4.12 0.729324957489
88.772 4.5 0.76028592127
88.780 5.88 0.870388279778
88.788 5.62 0.851256530759
88.796 5.25 0.819231920519
88.804 4 0.719815750749
88.812 6.25 0.890870806375
88.820 3.5 0.669649530182
88.828 5.12 0.811107105654
88.836 4.25 0.739221270955
88.844 5.88 0.870388279778
88.852 4.88 0.790569415042
88.860 5.5 0.839181358297
88.868 5.25 0.819231920519
88.876 4.38 0.749531688996
88.884 4.88 0.790569415042
88.892 4.25 0.739221270955
88.900 6.5 0.909090909091
95.000 3.62 0.289885517826
95.008 4.14 0.310086836473
95.016 3.24 0.279508497187
95.024 4 0.310086836473
95.032 4.24 0.319928344075
95.040 3.86 0.300150112594
95.048 3.26 0.279508497187
95.056 4.19 0.319928344075
95.064 3.6 0.289885517826
95.072 3.98 0.310086836473
95.080 4.12 0.310086836473
95.088 3.98 0.310086836473
95.096 4.07 0.310086836473
95.104 4.36 0.319928344075
95.112 4.29 0.319928344075
95.120 4 0.310086836473
95.128 4.59 0.330049180992
95.136 4.41 0.319928344075
95.144 4.36 0.319928344075
95.152 4.09 0.310086836473
95.160 4.14 0.310086836473
95.168 4.05 0.310086836473
95.176 5.12 0.350070021007
95.184 4.59 0.330049180992
95.192 4.02 0.310086836473
95.200 4.36 0.319928344075
95.208 4.79 0.340010200459
95.216 4.24 0.319928344075
95.224 3.4 0.289885517826
95.232 4.17 0.319928344075
95.240 4.55 0.330049180992
95.248 4.36 0.319928344075
95.256 4.69 0.340010200459
95.264 4.12 0.310086836473
95.272 3.83 0.300150112594
95.280 4.19 0.319928344075
95.288 4.26 0.319928344075
95.296 4.59 0.330049180992
95.304 4.12 0.310086836473
95.312 4.81 0.340010200459
95.320 4.02 0.310086836473
95.328 4.31 0.319928344075
95.336 4.38 0.319928344075
95.344 4.76 0.340010200459
95.352 3.95 0.310086836473
95.360 5.17 0.350070021007
95.368 4.71 0.340010200459
95.376 4.91 0.340010200459
95.384 5.21 0.350070021007
95.392 5.09 0.350070021007
95.400 5.09 0.350070021007
95.408 5.59 0.370116605099
95.416 5.19 0.350070021007
95.424 5.48 0.359907875374
95.432 5.45 0.359907875374
95.440 6.21 0.39013715732
95.448 5.71 0.370116605099
95.456 5.69 0.370116605099
95.464 6 0.379868588199
95.472 6.17 0.379868588199
95.480 6.52 0.39013715732
95.488 6.55 0.4
95.496 6.43 0.39013715732
95.504 7.07 0.409960030845
95.512 7.88 0.429933580392
95.520 7.98 0.439799497134
95.528 8.14 0.439799497134
95.536 7.71 0.429933580392
95.544 7.76 0.429933580392
95.552 8.71 0.459800489872
95.560 9.31 0.469840985735
95.568 10.1 0.490290337845
95.576 10.93 0.51031036308
95.584 11.55 0.51987524491
95.592 12.05 0.539949247156
95.600 12.76 0.549649709929
95.608 14.71 0.590281336101
95.616 17.36 0.640184399664
95.624 19.64 0.68041381744
95.632 24.38 0.76028592127
95.640 29.86 0.839181358297
95.648 37.71 0.949157995752
95.656 48.36 1.07026883178
95.664 59.86 1.19013889731
95.672 72.67 1.31990919337
95.680 85.59 1.43003138953
95.688 97 1.51969366063
95.696 102.14 1.5598365377
95.704 103.81 1.56941205144
95.712 100.41 1.55043418237
95.720 88.91 1.46020415081
95.728 75.74 1.33990004718
95.736 62.31 1.21987509119
95.744 52.48 1.12013621685
95.752 42.24 1
95.760 35.21 0.920574617898
95.768 27.88 0.819231920519
95.776 24.21 0.76028592127
95.784 19.48 0.68041381744
95.792 17.57 0.649569802462
95.800 15.62 0.60971076085
95.808 14.83 0.590281336101
95.816 13.07 0.559892510956
95.824 11.74 0.529998940003
95.832 12.5 0.549649709929
95.840 11.64 0.529998940003
95.848 10.43 0.5
95.856 10.1 0.490290337845
95.864 10.71 0.51031036308
95.872 9.98 0.490290337845
95.880 10.38 0.5
95.888 10.21 0.490290337845
95.896 11.43 0.51987524491
95.904 10.98 0.51031036308
95.912 12.33 0.539949247156
95.920 12.76 0.549649709929
95.928 14.24 0.580258853186
95.936 15.45 0.60971076085
95.944 16.41 0.629940788349
95.952 20.43 0.700140042014
95.960 23.55 0.749531688996
95.968 27.64 0.811107105654
95.976 34.91 0.909090909091
95.984 38.52 0.957826285221
95.992 44.29 1.02977929046
96.000 49.52 1.08979285007
96.008 54.55 1.1403464899
96.016 53.38 1.13010583937
96.024 51.07 1.10029712034
96.032 47.67 1.07026883178
96.040 42.43 1.01015254455
96.048 36.24 0.928476690885
96.056 30.21 0.851256530759
96.064 26.69 0.800640769025
96.072 21.43 0.710669054519
96.080 17.57 0.649569802462
96.088 14.93 0.599760143904
96.096 12.1 0.539949247156
96.104 12.05 0.539949247156
96.112 10.4 0.5
96.120 8.79 0.459800489872
96.128 8.02 0.439799497134
96.136 7.93 0.439799497134
96.144 7.62 0.429933580392
96.152 7.21 0.419960525566
96.160 6.81 0.4
96.168 6.93 0.409960030845
96.176 6.36 0.39013715732
96.184 6.31 0.39013715732
96.192 6.19 0.379868588199
96.200 6.45 0.39013715732
96.208 5.76 0.370116605099
96.216 6.02 0.379868588199
96.224 4.86 0.340010200459
96.232 5.74 0.370116605099
96.240 4.81 0.340010200459
96.248 5.45 0.359907875374
96.256 5.55 0.359907875374
96.264 5.09 0.350070021007
96.272 5.31 0.359907875374
96.280 5.33 0.359907875374
96.288 4.38 0.319928344075
96.296 4.17 0.319928344075
96.304 5 0.350070021007
96.312 4.55 0.330049180992
96.320 4.91 0.340010200459
96.328 4 0.310086836473
96.336 4.19 0.319928344075
96.344 4.26 0.319928344075
96.352 3.95 0.310086836473
96.360 4.19 0.319928344075
96.368 4.19 0.319928344075
96.376 4.12 0.310086836473
96.384 4.17 0.319928344075
96.392 3.88 0.300150112594
96.400 4.59 0.330049180992
96.408 4.45 0.330049180992
96.416 3.83 0.300150112594
96.424 4.17 0.319928344075
96.432 4.07 0.310086836473
96.440 4.14 0.310086836473
96.448 4.05 0.310086836473
96.456 4.17 0.319928344075
96.464 4.43 0.330049180992
96.472 3.98 0.310086836473
96.480 3.88 0.300150112594
96.488 4.48 0.330049180992
96.496 3.5 0.289885517826
96.504 3.95 0.310086836473
96.512 3.67 0.300150112594
96.520 3.33 0.279508497187
96.528 3.64 0.300150112594
96.536 4.07 0.310086836473
96.544 4.12 0.310086836473
96.552 4.07 0.310086836473
96.560 3.93 0.310086836473
96.568 3.76 0.300150112594
96.576 4.07 0.310086836473
96.584 3.67 0.300150112594
96.592 3.57 0.289885517826
96.600 3.95 0.310086836473
96.608 3.69 0.300150112594
96.616 3.69 0.300150112594
96.624 3.9 0.310086836473
96.632 3.57 0.289885517826
96.640 4.14 0.310086836473
96.648 3.4 0.289885517826
96.656 4.02 0.310086836473
96.664 4.21 0.319928344075
96.672 4.48 0.330049180992
96.680 3.79 0.300150112594
96.688 3.43 0.289885517826
96.696 3.79 0.300150112594
96.704 3.95 0.310086836473
98.600 4.89 0.749531688996
98.608 4 0.68041381744
98.616 5.33 0.780868809443
98.624 3.56 0.640184399664
98.632 4.11 0.68041381744
98.640 5.22 0.769230769231
98.648 5.22 0.769230769231
98.656 4 0.68041381744
98.664 4.33 0.700140042014
98.672 3.44 0.629940788349
98.680 5.44 0.790569415042
98.688 5.11 0.76028592127
98.696 4 0.68041381744
98.704 4.22 0.690065559342
98.712 4.89 0.749531688996
98.720 4.11 0.68041381744
98.728 6.33 0.851256530759
98.736 3.11 0.599760143904
98.744 3.89 0.669649530182
98.752 4.33 0.700140042014
98.760 3.56 0.640184399664
98.768 4.22 0.690065559342
98.776 4.11 0.68041381744
98.784 5.33 0.780868809443
98.792 5.67 0.800640769025
98.800 2.89 0.580258853186
98.808 5.44 0.790569415042
98.816 4 0.68041381744
98.824 4.33 0.700140042014
98.832 4.56 0.719815750749
98.840 5.33 0.780868809443
98.848 4.89 0.749531688996
98.856 4.78 0.739221270955
98.864 3.89 0.669649530182
98.872 3.78 0.659380473396
98.880 5.33 0.780868809443
98.888 4.67 0.729324957489
98.896 5.11 0.76028592127
98.904 4.56 0.719815750749
98.912 5.56 0.790569415042
98.920 5.89 0.819231920519
98.928 3.56 0.640184399664
98.936 6.56 0.860662965824
98.944 5 0.749531688996
98.952 3.78 0.659380473396
98.960 5 0.749531688996
98.968 6.33 0.851256530759
98.976 5.78 0.811107105654
98.984 6 0.819231920519
98.992 5.89 0.819231920519
99.000 5.44 0.790569415042
99.008 6.11 0.830454798537
99.016 5.11 0.76028592127
99.024 5.56 0.790569415042
99.032 5.67 0.800640769025
99.040 6.11 0.830454798537
99.048 6.11 0.830454798537
99.056 5.89 0.819231920519
99.064 6.22 0.839181358297
99.072 6.44 0.851256530759
99.080 6.22 0.839181358297
99.088 5.89 0.819231920519
99.096 7.56 0.920574617898
99.104 6.67 0.870388279778
99.112 6.22 0.839181358297
99.120 5.56 0.790569415042
99.128 9.44 1.02977929046
99.136 8.56 0.980580675691
99.144 7.56 0.920574617898
99.152 6.89 0.880450906326
99.160 8.56 0.980580675691
99.168 7.56 0.920574617898
99.176 8.22 0.957826285221
99.184 6 0.819231920519
99.192 7.67 0.928476690885
99.200 7.11 0.901669634667
99.208 6.78 0.870388279778
99.216 5.67 0.800640769025
99.224 6.78 0.870388279778
99.232 7.78 0.940720868384
99.240 6.89 0.880450906326
99.248 7.22 0.901669634667
99.256 7.44 0.920574617898
99.264 5.89 0.819231920519
99.272 7.44 0.920574617898
99.280 8.67 0.990147542977
99.288 7.89 0.940720868384
99.296 9 1.01015254455
99.304 10.22 1.07026883178
99.312 9 1.01015254455
99.320 7.67 0.928476690885
99.328 9.78 1.05001706292
99.336 9.67 1.03975048982
99.344 10.67 1.08979285007
99.352 10.33 1.08021347127
99.360 9.89 1.05001706292
99.368 12.44 1.18015154119
99.376 13.44 1.22998345683
99.384 14 1.25
99.392 13.89 1.25
99.400 12.33 1.18015154119
99.408 12.67 1.19013889731
99.416 14.89 1.28991996295
99.424 17.22 1.38942503594
99.432 16.89 1.3697345027
99.440 17.22 1.38942503594
99.448 15.11 1.29968811228
99.456 18.33 1.43003138953
99.464 19.67 1.47925109682
99.472 20.56 1.51969366063
99.480 19.44 1.46963506144
99.488 21.33 1.53937267952
99.496 21.22 1.53937267952
99.504 24.33 1.650695502
99.512 22.56 1.58910431541
99.520 29.89 1.8287923899
99.528 28 1.77053557949
99.536 34 1.94994393992
99.544 34.67 1.9687480774
99.552 39.44 2.09887740081
99.560 45.89 2.25876975726
99.568 52.44 2.41825416703
99.576 56.67 2.50784931288
99.584 65.89 2.71163072273
99.592 79.78 2.97482058654
99.600 101.22 3.35956570342
99.608 132.67 3.84047686321
99.616 152 4.10997468263
99.624 201.89 4.7404546314
99.632 254.11 5.30744892434
99.640 310.33 5.87220219515
99.648 390.56 6.59380473396
99.656 431.89 6.93375245282
99.664 476.89 7.27392967453
99.672 463 7.16114874039
99.680 452.33 7.08881205008
99.688 426.89 6.88428390822
99.696 371.22 6.415002991
99.704 316 5.93390829097
99.712 255.67 5.33001790889
99.720 206.89 4.80015360737
99.728 167.44 4.31130613559
99.736 140.78 3.95903791232
99.744 117.67 3.62024307128
99.752 95.11 3.24956336926
99.760 79.67 2.97482058654
99.768 73.89 2.87479787288
99.776 60.44 2.59063880075
99.784 57.44 2.53184841771
99.792 49.56 2.35050247361
99.800 48.22 2.3186944788
99.808 45.22 2.24167919831
99.816 37.44 2.04124145232
99.824 36.56 2.0203050891
99.832 38.78 2.08062594644
99.840 35.33 1.98029508595
99.848 34.11 1.94994393992
99.856 35.78 2
99.864 32.67 1.91040179975
99.872 37.78 2.04980015423
99.880 38.44 2.07167697616
99.888 42.33 2.17186121382
99.896 39 2.08062594644
99.904 44.56 2.23049868373
99.912 48.44 2.3186944788
99.920 51.78 2.39731650743
99.928 55 2.46932399162
99.936 67.89 2.75240941282
99.944 77.78 2.93610109757
99.952 95.33 3.25990683319
99.960 114.67 3.56915305124
99.968 139.33 3.9405520312
99.976 167.33 4.31130613559
99.984 201.56 4.7298376984
99.992 219.89 4.93864798325
100.000 227 5.01885613228
100.008 233.67 5.1031036308
100.016 233.11 5.08986598559
100.024 220.78 4.95073771488
100.032 201.44 4.7298376984
100.040 172.22 4.38107954338
100.048 142 3.97150735395
100.056 122.78 3.70116605099
100.064 90.44 3.17021312474
100.072 74.78 2.87479787288
100.080 67.67 2.74204248554
100.088 55.78 2.4922239314
100.096 45 2.24167919831
100.104 38 2.05846742398
100.112 37.11 2.02860206483
100.120 32.89 1.91040179975
100.128 25.56 1.69030850946
100.136 28.33 1.77892016741
100.144 24.11 1.63956458946
100.152 21 1.53033341946
100.160 18.56 1.44037800479
100.168 19.56 1.47925109682
100.176 16.22 1.34962721696
100.184 17.11 1.38013111868
100.192 15.22 1.30968158963
100.200 17.67 1.40998991861
100.208 15.11 1.29968811228
100.216 15 1.29968811228
100.224 13.67 1.24034734589
100.232 15.22 1.30968158963
100.240 11.44 1.13010583937
100.248 14 1.25
100.256 12.89 1.20038418442
100.264 11.11 1.12013621685
100.272 11 1.10974190405
100.280 10.56 1.08979285007
100.288 9 1.01015254455
100.296 9.78 1.05001706292
100.304 8 0.949157995752
100.312 8.44 0.971285862357
100.320 8.56 0.980580675691
100.328 9.78 1.05001706292
100.336 7.56 0.920574617898
100.344 8.56 0.980580675691
100.352 7.67 0.928476690885
100.360 7.44 0.920574617898
100.368 5.89 0.819231920519
100.376 7.89 0.940720868384
100.384 6.44 0.851256530759
100.392 9.33 1.0200895678
100.400 6.22 0.839181358297
100.408 5.22 0.769230769231
100.416 7.22 0.901669634667
100.424 6.11 0.830454798537
100.432 6 0.819231920519
100.440 6.44 0.851256530759
100.448 6.56 0.860662965824
100.456 6.11 0.830454798537
100.464 6 0.819231920519
100.472 5.89 0.819231920519
100.480 6.11 0.830454798537
100.488 7.56 0.920574617898
100.496 6.78 0.870388279778
100.504 7.11 0.901669634667
100.512 5.78 0.811107105654
100.520 4.67 0.729324957489
100.528 6.56 0.860662965824
100.536 6.56 0.860662965824
100.544 5.89 0.819231920519
100.552 5.11 0.76028592127
100.560 5.78 0.811107105654
100.568 5.44 0.790569415042
100.576 4.44 0.710669054519
100.584 5.44 0.790569415042
100.592 6.22 0.839181358297
100.600 6.67 0.870388279778
100.608 5.22 0.769230769231
100.616 6 0.819231920519
100.624 6.67 0.870388279778
100.632 4.56 0.719815750749
100.640 5.44 0.790569415042
100.648 4.78 0.739221270955
100.656 6 0.819231920519
100.664 5 0.749531688996
100.672 4.56 0.719815750749
100.680 4.11 0.68041381744
100.688 5.67 0.800640769025
100.696 5.56 0.790569415042
100.704 5.33 0.780868809443
100.712 4.44 0.710669054519
100.720 4.33 0.700140042014
100.728 4.56 0.719815750749
100.736 5.78 0.811107105654
100.744 5.11 0.76028592127
100.752 4.44 0.710669054519
100.760 5.22 0.769230769231
100.768 4.11 0.68041381744
100.776 5.11 0.76028592127
100.784 6.33 0.851256530759
100.792 5.22 0.769230769231
100.800 5.44 0.790569415042
102.700 3.67 0.559892510956
102.708 4.42 0.60971076085
102.716 5.25 0.669649530182
102.724 4.33 0.60971076085
102.732 3.92 0.580258853186
102.740 4.75 0.629940788349
102.748 3.75 0.569802882298
102.756 3.42 0.539949247156
102.764 4.67 0.629940788349
102.772 5.67 0.690065559342
102.780 4.5 0.620173672946
102.788 5.42 0.68041381744
102.796 3.5 0.549649709929
102.804 4.08 0.590281336101
102.812 4.33 0.60971076085
102.820 4.67 0.629940788349
102.828 4.33 0.60971076085
102.836 5 0.649569802462
102.844 3.58 0.549649709929
102.852 4.33 0.60971076085
102.860 5.17 0.659380473396
102.868 4.5 0.620173672946
102.876 5 0.649569802462
102.884 4.75 0.629940788349
102.892 5.08 0.659380473396
102.900 4.58 0.620173672946
102.908 4.5 0.620173672946
102.916 6.08 0.719815750749
102.924 4.67 0.629940788349
102.932 5.5 0.68041381744
102.940 6.42 0.739221270955
102.948 6.92 0.76028592127
102.956 5.25 0.669649530182
102.964 5.83 0.700140042014
102.972 4.67 0.629940788349
102.980 6.58 0.749531688996
102.988 5.83 0.700140042014
102.996 5.08 0.659380473396
103.004 4.75 0.629940788349
103.012 5.25 0.669649530182
103.020 6.17 0.719815750749
103.028 5.83 0.700140042014
103.036 6.17 0.719815750749
103.044 6.67 0.749531688996
103.052 5.42 0.68041381744
103.060 6 0.710669054519
103.068 6 0.710669054519
103.076 7.75 0.811107105654
103.084 6.5 0.739221270955
103.092 5.25 0.669649530182
103.100 6.33 0.729324957489
103.108 6.5 0.739221270955
103.116 6.83 0.76028592127
103.124 6.17 0.719815750749
103.132 5 0.649569802462
103.140 6.25 0.729324957489
103.148 6.58 0.749531688996
103.156 6.17 0.719815750749
103.164 6.67 0.749531688996
103.172 7.42 0.790569415042
103.180 6.83 0.76028592127
103.188 5.92 0.710669054519
103.196 5.75 0.700140042014
103.204 5.75 0.700140042014
103.212 6.25 0.729324957489
103.220 6.5 0.739221270955
103.228 5.33 0.669649530182
103.236 7.08 0.769230769231
103.244 7 0.769230769231
103.252 7.25 0.780868809443
103.260 7.08 0.769230769231
103.268 5.83 0.700140042014
103.276 5.08 0.659380473396
103.284 7.5 0.790569415042
103.292 7.5 0.790569415042
103.300 8.08 0.819231920519
103.308 8.33 0.839181358297
103.316 8.08 0.819231920519
103.324 7.67 0.800640769025
103.332 8.75 0.860662965824
103.340 8.75 0.860662965824
103.348 8.42 0.839181358297
103.356 7.92 0.819231920519
103.364 9.75 0.909090909091
103.372 11 0.957826285221
103.380 8.75 0.860662965824
103.388 12.42 1.0200895678
103.396 11.25 0.971285862357
103.404 11.75 0.990147542977
103.412 12.58 1.02977929046
103.420 13.75 1.07026883178
103.428 13.83 1.08021347127
103.436 14.92 1.12013621685
103.444 15.67 1.15010926557
103.452 15.67 1.15010926557
103.460 14.08 1.08979285007
103.468 15.67 1.15010926557
103.476 17.17 1.20038418442
103.484 16.83 1.19013889731
103.492 17.58 1.21001191868
103.500 18.33 1.24034734589
103.508 21.42 1.33990004718
103.516 19.75 1.28991996295
103.524 24.67 1.44037800479
103.532 21.83 1.34962721696
103.540 25 1.44942758913
103.548 27.58 1.51969366063
103.556 26.83 1.50075056297
103.564 35.58 1.72005229038
103.572 34.42 1.7000510023
103.580 38.5 1.7902871851
103.588 42.58 1.88982236505
103.596 53.58 2.10818510678
103.604 62.42 2.28217732294
103.612 69.75 2.41121411085
103.620 93.08 2.79508497187
103.628 111 3.04290309725
103.636 138.83 3.40010200459
103.644 174.08 3.8096965888
103.652 216.92 4.24859288662
103.660 274.33 4.77818482567
103.668 322.25 5.17780373078
103.676 362.83 5.49649709929
103.684 389.17 5.69802882298
103.692 387.17 5.67961834247
103.700 377.17 5.60772154092
103.708 336.08 5.29256124025
103.716 301.58 5.01254707117
103.724 245.92 4.53143254429
103.732 200.75 4.08930410055
103.740 164.58 3.70116605099
103.748 141.42 3.42997170285
103.756 120.25 3.17021312474
103.764 96.42 2.83980917124
103.772 77.75 2.54823595719
103.780 70.67 2.43252127705
103.788 58.67 2.2086305215
103.796 52.08 2.08062594644
103.804 48 2
103.812 45.5 1.94994393992
103.820 40.08 1.8287923899
103.828 36.92 1.75953835769
103.836 32 1.63956458946
103.844 33.25 1.6689863152
103.852 30.75 1.59923255252
103.860 29.58 1.56941205144
103.868 27.67 1.51969366063
103.876 28.58 1.55043418237
103.884 29.08 1.5598365377
103.892 29.75 1.57916610464
103.900 28 1.53033341946
103.908 28.83 1.55043418237
103.916 30.25 1.58910431541
103.924 33.58 1.6689863152
103.932 34.17 1.69030850946
103.940 35.33 1.72005229038
103.948 34.67 1.7000510023
103.956 39.17 1.81071492085
103.964 42.33 1.87977895099
103.972 49.17 2.02860206483
103.980 54.75 2.14176468439
103.988 67.58 2.3702273157
103.996 79.75 2.58198889747
104.004 97.67 2.85132974256
104.012 116.92 3.11588476425
104.020 136.5 3.36908560265
104.028 157.92 3.6297700432
104.036 180 3.86911616267
104.044 185.58 3.93140566985
104.052 194.42 4.02911482013
104.060 190 3.98093714329
104.068 179.17 3.86045718241
104.076 154.58 3.58979079309
104.084 136.83 3.38061701891
104.092 119.5 3.16227766017
104.100 102.75 2.93610109757
104.108 88.17 2.71163072273
104.116 72 2.44704392116
104.124 59.83 2.23049868373
104.132 51.58 2.07167697616
104.140 42.33 1.87977895099
104.148 34.92 1.70996392014
104.156 31.33 1.62008392252
104.164 24.92 1.44037800479
104.172 26.42 1.490711985
104.180 22.67 1.38013111868
104.188 19.17 1.27000127
104.196 23.5 1.40028008403
104.204 19.33 1.27000127
104.212 16.92 1.19013889731
104.220 16.75 1.18015154119
104.228 14.83 1.10974190405
104.236 14.67 1.10974190405
104.244 15.5 1.1403464899
104.252 14.42 1.10029712034
104.260 14.33 1.10029712034
104.268 11.67 0.990147542977
104.276 12.75 1.02977929046
104.284 12.42 1.0200895678
104.292 11.92 1
104.300 10.17 0.920574617898
104.308 9.83 0.909090909091
104.316 9.08 0.870388279778
104.324 9.25 0.880450906326
104.332 9.5 0.890870806375
104.340 8.67 0.851256530759
104.348 9.17 0.880450906326
104.356 8.58 0.851256530759
104.364 8.08 0.819231920519
104.372 8.33 0.839181358297
104.380 7.08 0.769230769231
104.388 8.33 0.839181358297
104.396 7.67 0.800640769025
104.404 6.75 0.749531688996
104.412 6.67 0.749531688996
104.420 6.25 0.729324957489
104.428 6 0.710669054519
104.436 7 0.769230769231
104.444 6.83 0.76028592127
104.452 6.08 0.719815750749
104.460 5.42 0.68041381744
104.468 5 0.649569802462
104.476 4.92 0.649569802462
104.484 6.83 0.76028592127
104.492 8.42 0.839181358297
104.500 7.08 0.769230769231
104.508 6.33 0.729324957489
104.516 5.5 0.68041381744
104.524 5.75 0.700140042014
104.532 5.58 0.690065559342
104.540 6.25 0.729324957489
104.548 5 0.649569802462
104.556 7.33 0.790569415042
104.564 4.67 0.629940788349
104.572 5.67 0.690065559342
104.580 4.92 0.649569802462
104.588 5.17 0.659380473396
104.596 6.67 0.749531688996
104.604 5.5 0.68041381744
104.612 5.25 0.669649530182
104.620 5.75 0.700140042014
104.628 4.67 0.629940788349
104.636 5.25 0.669649530182
104.644 4.83 0.640184399664
104.652 4.58 0.620173672946
104.660 7.42 0.790569415042
104.668 5.42 0.68041381744
104.676 5.5 0.68041381744
104.684 5.33 0.669649530182
104.692 4.83 0.640184399664
104.700 5.67 0.690065559342
104.708 5.75 0.700140042014
104.716 4.75 0.629940788349
104.724 4.58 0.620173672946
104.732 6.08 0.719815750749
104.740 5.42 0.68041381744
104.748 5 0.649569802462
104.756 5.83 0.700140042014
104.764 4 0.580258853186
104.772 4.33 0.60971076085
104.780 4.67 0.629940788349
104.788 4.58 0.620173672946
104.796 4.33 0.60971076085
104.804 4.42 0.60971076085
104.812 4.58 0.620173672946
104.820 3.92 0.580258853186
104.828 4 0.580258853186
104.836 4.5 0.620173672946
104.844 4.92 0.649569802462
104.852 4.67 0.629940788349
104.860 4.67 0.629940788349
104.868 3.75 0.569802882298
104.876 5.5 0.68041381744
104.884 4.42 0.60971076085
104.892 4.75 0.629940788349
104.900 4.58 0.620173672946
106.901 4.52 0.409960030845
106.910 4.56 0.409960030845
106.920 3.96 0.379868588199
106.930 5 0.429933580392
106.940 5.26 0.439799497134
106.950 4.18 0.4
106.960 4.63 0.419960525566
106.970 4.07 0.39013715732
106.980 4.89 0.429933580392
106.990 4.41 0.409960030845
107.000 4.85 0.429933580392
107.010 5 0.429933580392
107.020 4.85 0.429933580392
107.030 5.3 0.439799497134
107.040 5.63 0.459800489872
107.050 3.63 0.370116605099
107.060 4.7 0.419960525566
107.070 4.48 0.409960030845
107.080 4.33 0.4
107.090 4.67 0.419960525566
107.100 5.48 0.449921270666
107.110 5.22 0.439799497134
107.120 4.96 0.429933580392
107.130 6.04 0.469840985735
107.140 4.41 0.409960030845
107.150 4.85 0.429933580392
107.160 5 0.429933580392
107.170 4.59 0.409960030845
107.180 4.56 0.409960030845
107.190 4.85 0.429933580392
107.200 5.37 0.449921270666
107.210 5.44 0.449921270666
107.220 5.11 0.439799497134
107.230 4.93 0.429933580392
107.240 5.37 0.449921270666
107.250 4.78 0.419960525566
107.260 5.26 0.439799497134
107.270 5.26 0.439799497134
107.280 4.67 0.419960525566
107.290 4.41 0.409960030845
107.300 5.37 0.449921270666
107.310 4.56 0.409960030845
107.320 5.37 0.449921270666
107.330 5.04 0.429933580392
107.340 4.82 0.419960525566
107.350 5.7 0.459800489872
107.360 5.52 0.449921270666
107.370 5.07 0.439799497134
107.380 5.3 0.439799497134
107.390 6.15 0.480015360737
107.400 5.22 0.439799497134
107.410 6.37 0.490290337845
107.420 6.07 0.480015360737
107.430 6.26 0.480015360737
107.440 6.15 0.480015360737
107.450 6.41 0.490290337845
107.460 5.48 0.449921270666
107.470 6.93 0.51031036308
107.480 6.93 0.51031036308
107.490 7.7 0.539949247156
107.500 7.37 0.51987524491
107.510 8.74 0.569802882298
107.520 7.82 0.539949247156
107.530 9.52 0.590281336101
107.540 8.44 0.559892510956
107.550 9.78 0.599760143904
107.560 9.41 0.590281336101
107.570 10 0.60971076085
107.580 10.26 0.620173672946
107.590 9.85 0.60971076085
107.600 11.52 0.649569802462
107.610 11.56 0.659380473396
107.620 12 0.669649530182
107.630 15.7 0.76028592127
107.640 14.3 0.729324957489
107.650 16.41 0.780868809443
107.660 17.52 0.811107105654
107.670 21.33 0.890870806375
107.680 24.74 0.957826285221
107.690 26.59 0.990147542977
107.700 36.52 1.1601271569
107.710 41.37 1.24034734589
107.720 59 1.47925109682
107.730 76 1.68073161363
107.740 98.96 1.91040179975
107.750 122.85 2.13200716356
107.760 143.26 2.30021853114
107.770 166.63 2.47688702309
107.780 166.44 2.47688702309
107.790 159.78 2.43252127705
107.800 133.37 2.21948380809
107.810 114.63 2.05846742398
107.820 93.11 1.86016332951
107.830 72.85 1.63956458946
107.840 59.48 1.47925109682
107.850 47.19 1.31990919337
107.860 38.11 1.19013889731
107.870 32.04 1.08979285007
107.880 30.11 1.05999788001
107.890 24.26 0.949157995752
107.900 21.52 0.890870806375
107.910 19.04 0.839181358297
107.920 17.48 0.811107105654
107.930 16.11 0.769230769231
107.940 16.74 0.790569415042
107.950 16.04 0.769230769231
107.960 14.96 0.749531688996
107.970 14.96 0.749531688996
107.980 12.74 0.690065559342
107.990 13.15 0.700140042014
108.000 13.37 0.700140042014
108.010 13.52 0.710669054519
108.020 13.67 0.710669054519
108.030 13.74 0.710669054519
108.040 13.85 0.719815750749
108.050 15.44 0.76028592127
108.060 14.7 0.739221270955
108.070 18.63 0.830454798537
108.080 20.41 0.870388279778
108.090 24.07 0.940720868384
108.100 27.37 1.01015254455
108.110 35.19 1.1403464899
108.120 43.33 1.27000127
108.130 50.96 1.3697345027
108.140 63.85 1.53937267952
108.150 70.56 1.62008392252
108.160 77.59 1.7000510023
108.170 80.67 1.73032135051
108.180 80.11 1.72005229038
108.190 71.19 1.62008392252
108.200 62.37 1.51969366063
108.210 52.15 1.38942503594
108.220 43.22 1.27000127
108.230 32.33 1.08979285007
108.240 29.63 1.05001706292
108.250 24.07 0.940720868384
108.260 18.37 0.830454798537
108.270 17.52 0.811107105654
108.280 15.44 0.76028592127
108.290 13.63 0.710669054519
108.300 11.81 0.659380473396
108.310 11.56 0.659380473396
108.320 10.04 0.60971076085
108.330 9.41 0.590281336101
108.340 9.3 0.590281336101
108.350 9.3 0.590281336101
108.360 8.22 0.549649709929
108.370 7.18 0.51987524491
108.380 8.7 0.569802882298
108.390 6.48 0.490290337845
108.400 8.78 0.569802882298
108.410 7.85 0.539949247156
108.420 6.48 0.490290337845
108.430 5.52 0.449921270666
108.440 5.37 0.449921270666
108.450 5.78 0.459800489872
108.460 5.78 0.459800489872
108.470 5.82 0.469840985735
108.480 5.63 0.459800489872
108.490 6.11 0.480015360737
108.500 5.26 0.439799497134
108.510 5.56 0.459800489872
108.520 4.93 0.429933580392
108.530 5.48 0.449921270666
108.540 5.52 0.449921270666
108.550 4.74 0.419960525566
108.560 5.59 0.459800489872
108.570 5.18 0.439799497134
108.580 4.89 0.429933580392
108.590 5.33 0.449921270666
108.600 5 0.429933580392
108.610 5.18 0.439799497134
108.620 4.33 0.4
108.630 5.3 0.439799497134
108.640 4.56 0.409960030845
108.650 5.04 0.429933580392
108.660 4.22 0.4
108.670 5.11 0.439799497134
108.680 4.56 0.409960030845
108.690 4.37 0.4
108.700 5.07 0.439799497134
108.710 4.48 0.409960030845
108.720 4.56 0.409960030845
108.730 4.22 0.4
108.740 4.82 0.419960525566
108.750 4.89 0.429933580392
108.760 4.52 0.409960030845
108.770 4.96 0.429933580392
108.780 5 0.429933580392
108.790 4.74 0.419960525566
108.800 4.93 0.429933580392
108.810 3.96 0.379868588199
108.820 4.41 0.409960030845
108.830 4.63 0.419960525566
108.840 4.59 0.409960030845
108.850 4.67 0.419960525566
108.860 4.37 0.4
108.870 5.18 0.439799497134
108.880 3.93 0.379868588199
108.890 4.78 0.419960525566
108.900 4.85 0.429933580392
111.100 4.8 0.490290337845
111.110 4.9 0.5
111.120 4.9 0.5
111.130 4.8 0.490290337845
111.140 5.2 0.51031036308
111.150 4.5 0.480015360737
111.160 5.15 0.51031036308
111.170 5.4 0.51987524491
111.180 5.75 0.539949247156
111.190 6.3 0.559892510956
111.200 5.95 0.549649709929
111.210 5 0.5
111.220 5.8 0.539949247156
111.230 5.4 0.51987524491
111.240 5.35 0.51987524491
111.250 5.6 0.529998940003
111.260 4.45 0.469840985735
111.270 5.35 0.51987524491
111.280 5.85 0.539949247156
111.290 6.15 0.559892510956
111.300 5 0.5
111.310 5.05 0.5
111.320 5.65 0.529998940003
111.330 5.75 0.539949247156
111.340 5.35 0.51987524491
111.350 5.95 0.549649709929
111.360 5.25 0.51031036308
111.370 4.9 0.5
111.380 5.25 0.51031036308
111.390 4.45 0.469840985735
111.400 5.5 0.529998940003
111.410 5.05 0.5
111.420 5.2 0.51031036308
111.430 5.45 0.51987524491
111.440 5.3 0.51987524491
111.450 5.35 0.51987524491
111.460 6 0.549649709929
111.470 5.35 0.51987524491
111.480 5.95 0.549649709929
111.490 6.05 0.549649709929
111.500 5.65 0.529998940003
111.510 5.5 0.529998940003
111.520 4.7 0.490290337845
111.530 4.95 0.5
111.540 6.3 0.559892510956
111.550 6.5 0.569802882298
111.560 5.5 0.529998940003
111.570 5.95 0.549649709929
111.580 6.05 0.549649709929
111.590 7.65 0.620173672946
111.600 6.55 0.569802882298
111.610 8.25 0.640184399664
111.620 6.75 0.580258853186
111.630 6.95 0.590281336101
111.640 8.35 0.649569802462
111.650 9.6 0.690065559342
111.660 9.1 0.68041381744
111.670 10.1 0.710669054519
111.680 8.8 0.669649530182
111.690 10.65 0.729324957489
111.700 11.3 0.749531688996
111.710 10.5 0.729324957489
111.720 11.65 0.76028592127
111.730 10.65 0.729324957489
111.740 13.45 0.819231920519
111.750 12.95 0.811107105654
111.760 14.5 0.851256530759
111.770 15.25 0.870388279778
111.780 15 0.870388279778
111.790 16.3 0.901669634667
111.800 16.9 0.920574617898
111.810 17.55 0.940720868384
111.820 20.5 1.01015254455
111.830 21.5 1.03975048982
111.840 22.9 1.07026883178
111.850 27.65 1.18015154119
111.860 31.35 1.25
111.870 36.5 1.34962721696
111.880 44.1 1.490711985
111.890 57.95 1.7000510023
111.900 73 1.91040179975
111.910 94 2.17186121382
111.920 127.6 2.53184841771
111.930 157.1 2.79508497187
111.940 191.55 3.10086836473
111.950 216.95 3.2897584748
111.960 226.1 3.35956570342
111.970 219.1 3.30951696161
111.980 202.7 3.17981500374
111.990 170.65 2.92352673102
112.000 137.25 2.61711961295
112.010 112.15 2.3702273157
112.020 90.05 2.12238179989
112.030 79 1.98810693122
112.040 60.05 1.73032135051
112.050 46.2 1.51969366063
112.060 44.95 1.50075056297
112.070 35.3 1.33038021048
112.080 32.2 1.27000127
112.090 27.65 1.18015154119
112.100 26.45 1.15010926557
112.110 24.25 1.10029712034
112.120 23.1 1.08021347127
112.130 21.35 1.02977929046
112.140 20.05 1
112.150 19.45 0.990147542977
112.160 18.85 0.971285862357
112.170 18.05 0.949157995752
112.180 18.1 0.949157995752
112.190 17.85 0.949157995752
112.200 15.75 0.890870806375
112.210 15.75 0.890870806375
112.220 15.55 0.880450906326
112.230 17.8 0.940720868384
112.240 17.5 0.940720868384
112.250 17.35 0.928476690885
112.260 20.45 1.01015254455
112.270 21 1.02977929046
112.280 23.5 1.08979285007
112.290 24.35 1.10029712034
112.300 28.4 1.19013889731
112.310 34.25 1.30968158963
112.320 44 1.47925109682
112.330 52.5 1.62008392252
112.340 65.85 1.81968631312
112.350 78.45 1.98029508595
112.360 93.1 2.16168850584
112.370 104.9 2.28814380978
112.380 107.55 2.3186944788
112.390 107.45 2.3186944788
112.400 103.55 2.28217732294
112.410 90.25 2.12238179989
112.420 80.15 2
112.430 63.95 1.7902871851
112.440 53.3 1.63082018263
112.450 45.6 1.50927278118
112.460 35.2 1.33038021048
112.470 31.6 1.2598815767
112.480 25.2 1.12013621685
112.490 23.1 1.08021347127
112.500 18.1 0.949157995752
112.510 19.25 0.980580675691
112.520 15.8 0.890870806375
112.530 14.8 0.860662965824
112.540 12.9 0.800640769025
112.550 14.3 0.851256530759
112.560 11.8 0.769230769231
112.570 10.95 0.739221270955
112.580 12.25 0.780868809443
112.590 10.25 0.719815750749
112.600 10.05 0.710669054519
112.610 7.9 0.629940788349
112.620 8.1 0.640184399664
112.630 8.6 0.659380473396
112.640 7.1 0.599760143904
112.650 9.3 0.68041381744
112.660 7.4 0.60971076085
112.670 7.95 0.629940788349
112.680 7.3 0.60971076085
112.690 6.85 0.590281336101
112.700 7.2 0.599760143904
112.710 8.55 0.659380473396
112.720 6.2 0.559892510956
112.730 7.55 0.620173672946
112.740 6.9 0.590281336101
112.750 6.45 0.569802882298
112.760 6 0.549649709929
112.770 5.6 0.529998940003
112.780 6.35 0.569802882298
112.790 5.8 0.539949247156
112.800 6.5 0.569802882298
112.810 5.55 0.529998940003
112.820 5.2 0.51031036308
112.830 5.9 0.549649709929
112.840 6 0.549649709929
112.850 6.15 0.559892510956
112.860 5 0.5
112.870 5.65 0.529998940003
112.880 6.75 0.580258853186
112.890 5.2 0.51031036308
112.900 5.5 0.529998940003
112.910 5.35 0.51987524491
112.920 5.6 0.529998940003
112.930 4.95 0.5
112.940 5.55 0.529998940003
112.950 6 0.549649709929
112.960 4.8 0.490290337845
112.970 5.15 0.51031036308
112.980 4.35 0.469840985735
112.990 5 0.5
113.000 4.85 0.490290337845
113.010 4.55 0.480015360737
113.020 5 0.5
113.030 3.95 0.449921270666
113.040 4.35 0.469840985735
113.050 5.55 0.529998940003
113.060 5.45 0.51987524491
113.070 5.15 0.51031036308
113.080 4.85 0.490290337845
113.090 4.3 0.469840985735
113.100 4.9 0.5
115.300 4.6 0.690065559342
115.310 5.6 0.749531688996
115.320 5.8 0.769230769231
115.330 7.6 0.880450906326
115.340 6 0.780868809443
115.350 4.8 0.700140042014
115.360 6.4 0.811107105654
115.370 6.4 0.811107105654
115.380 6.8 0.830454798537
115.390 6.3 0.800640769025
115.400 5.8 0.769230769231
115.410 4.2 0.659380473396
115.420 6.4 0.811107105654
115.430 6.8 0.830454798537
115.440 6.9 0.839181358297
115.450 5.9 0.769230769231
115.460 7.3 0.860662965824
115.470 6.7 0.819231920519
115.480 6.2 0.790569415042
115.490 6.2 0.790569415042
115.500 7.1 0.851256530759
115.510 6.2 0.790569415042
115.520 7.6 0.880450906326
115.530 6.2 0.790569415042
115.540 7 0.839181358297
115.550 6.2 0.790569415042
115.560 5.1 0.719815750749
115.570 9 0.949157995752
115.580 6.4 0.811107105654
115.590 6.6 0.819231920519
115.600 8.2 0.909090909091
115.610 7.6 0.880450906326
115.620 8.5 0.928476690885
115.630 6.5 0.811107105654
115.640 8.1 0.909090909091
115.650 7.1 0.851256530759
115.660 7.9 0.890870806375
115.670 6 0.780868809443
115.680 7.2 0.851256530759
115.690 6.1 0.790569415042
115.700 8.2 0.909090909091
115.710 7.1 0.851256530759
115.720 8.1 0.909090909091
115.730 7.4 0.870388279778
115.740 6.4 0.811107105654
115.750 6.9 0.839181358297
115.760 7.8 0.890870806375
115.770 7.1 0.851256530759
115.780 6.9 0.839181358297
115.790 7.7 0.880450906326
115.800 8.5 0.928476690885
115.810 6.4 0.811107105654
115.820 8.6 0.928476690885
115.830 8.4 0.920574617898
115.840 10.3 1.0200895678
115.850 9.9 1
115.860 8.9 0.949157995752
115.870 9.4 0.971285862357
115.880 9.1 0.957826285221
115.890 9 0.949157995752
115.900 9.8 0.990147542977
115.910 11 1.05001706292
115.920 11.1 1.05999788001
115.930 11.5 1.08021347127
115.940 11.6 1.08021347127
115.950 14.4 1.20038418442
115.960 14.6 1.21001191868
115.970 15.4 1.24034734589
115.980 16.4 1.28036879933
115.990 15.2 1.24034734589
116.000 19.7 1.40998991861
116.010 18.6 1.3697345027
116.020 19.9 1.40998991861
116.030 20.1 1.41990458562
116.040 21.5 1.46963506144
116.050 21.4 1.46963506144
116.060 24.7 1.56941205144
116.070 25.4 1.59923255252
116.080 26.4 1.63082018263
116.090 29.7 1.73032135051
116.100 30.1 1.74077655956
116.110 30 1.73032135051
116.120 35.6 1.88982236505
116.130 39.4 1.98810693122
116.140 45.3 2.13200716356
116.150 47.6 2.18217890236
116.160 55.1 2.35050247361
116.170 67.4 2.59937622455
116.180 78.1 2.79508497187
116.190 88.4 2.97482058654
116.200 113.8 3.36908560265
116.210 148.7 3.86045718241
116.220 197.2 4.44115591684
116.230 254.7 5.05076272276
116.240 324.4 5.69802882298
116.250 383 6.1898446059
116.260 424.1 6.50944554904
116.270 455.4 6.75737378399
116.280 446 6.68153104781
116.290 402.2 6.33724250524
116.300 357.5 5.97614304667
116.310 298.9 5.47175655165
116.320 242.9 4.93263623667
116.330 197.8 4.4499415949
116.340 165.9 4.06894229386
116.350 130.8 3.62024307128
116.360 109.5 3.30951696161
116.370 93 3.05708920258
116.380 79.3 2.8171808491
116.390 69.9 2.65372446217
116.400 61.1 2.46932399162
116.410 55.5 2.35702260396
116.420 46.7 2.16168850584
116.430 46.6 2.16168850584
116.440 35.6 1.88982236505
116.450 36.5 1.91040179975
116.460 40 2
116.470 35.7 1.88982236505
116.480 34.4 1.86016332951
116.490 31 1.75953835769
116.500 30.6 1.74874354196
116.510 29.3 1.70996392014
116.520 33.9 1.8411492358
116.530 29.7 1.73032135051
116.540 29.3 1.70996392014
116.550 28.1 1.68073161363
116.560 30.6 1.74874354196
116.570 29 1.70996392014
116.580 29.1 1.70996392014
116.590 29.7 1.73032135051
116.600 35.3 1.87977895099
116.610 36.4 1.91040179975
116.620 40.7 2.0203050891
116.630 42.5 2.05846742398
116.640 53.3 2.31248645031
116.650 61.6 2.47688702309
116.660 77.2 2.78423023195
116.670 96.4 3.11588476425
116.680 112.8 3.35956570342
116.690 146.4 3.82919790534
116.700 169.9 4.12042821715
116.710 199.4 4.472135955
116.720 214.5 4.63241054612
116.730 220.7 4.69840985735
116.740 217.9 4.66760028009
116.750 194.3 4.41081091391
116.760 180.8 4.24859288662
116.770 156.1 3.94976252767
116.780 126.1 3.55110412114
116.790 112.1 3.35012605086
116.800 95.6 3.08606699924
116.810 72.8 2.70171613479
116.820 61.4 2.47688702309
116.830 53.2 2.31248645031
116.840 47.9 2.1873931963
116.850 40.5 2.00804832226
116.860 34.2 1.85058302549
116.870 30.5 1.74874354196
116.880 28.5 1.69030850946
116.890 23 1.51969366063
116.900 24 1.55043418237
116.910 20.8 1.44942758913
116.920 20.7 1.44037800479
116.930 19.9 1.40998991861
116.940 20 1.41990458562
116.950 17.5 1.33038021048
116.960 14 1.19013889731
116.970 16.7 1.29968811228
116.980 15.4 1.24034734589
116.990 13.7 1.16961064294
117.000 13.4 1.1601271569
117.010 13.5 1.16961064294
117.020 9.8 0.990147542977
117.030 11.9 1.10029712034
117.040 9.2 0.957826285221
117.050 8.8 0.940720868384
117.060 10 1
117.070 10.3 1.0200895678
117.080 8.9 0.949157995752
117.090 8.3 0.920574617898
117.100 7.4 0.870388279778
117.110 9.3 0.971285862357
117.120 8.9 0.949157995752
117.130 7 0.839181358297
117.140 9.1 0.957826285221
117.150 8.5 0.928476690885
117.160 6.3 0.800640769025
117.170 9.6 0.980580675691
117.180 9.1 0.957826285221
117.190 6.8 0.830454798537
117.200 7.5 0.870388279778
117.210 7.5 0.870388279778
117.220 5.8 0.769230769231
117.230 6.8 0.830454798537
117.240 6.1 0.790569415042
117.250 6.7 0.819231920519
117.260 8.3 0.920574617898
117.270 6 0.780868809443
117.280 6.3 0.800640769025
117.290 8.3 0.920574617898
117.300 5.5 0.749531688996
117.310 6 0.780868809443
117.320 4.6 0.690065559342
117.330 7.9 0.890870806375
117.340 6.1 0.790569415042
117.350 7 0.839181358297
117.360 6.3 0.800640769025
117.370 7.1 0.851256530759
117.380 6.1 0.790569415042
117.390 7.3 0.860662965824
117.400 5.8 0.769230769231
117.410 5.9 0.769230769231
117.420 6.9 0.839181358297
117.430 6.7 0.819231920519
117.440 5.2 0.729324957489
117.450 8 0.901669634667
117.460 6.8 0.830454798537
117.470 4.9 0.710669054519
117.480 5 0.710669054519
117.490 6.1 0.790569415042
117.500 4.8 0.700140042014
117.510 5 0.710669054519
117.520 4.3 0.659380473396
117.530 5.9 0.769230769231
117.540 5.8 0.769230769231
117.550 6 0.780868809443
117.560 6.2 0.790569415042
117.570 6.3 0.800640769025
117.580 5.5 0.749531688996
117.590 6.6 0.819231920519
117.600 4.9 0.710669054519
119.900 5.42 0.539949247156
119.910 6.05 0.569802882298
119.920 6.84 0.599760143904
119.930 6.11 0.569802882298
119.940 5.47 0.539949247156
119.950 5.63 0.549649709929
119.960 6.47 0.590281336101
119.970 5.05 0.51987524491
119.980 5.53 0.539949247156
119.990 5.26 0.529998940003
120.000 6.42 0.580258853186
120.010 6.79 0.599760143904
120.020 5.21 0.529998940003
120.030 4.95 0.51031036308
120.040 5.42 0.539949247156
120.050 6.21 0.569802882298
120.060 5.74 0.549649709929
120.070 6.37 0.580258853186
120.080 6.05 0.569802882298
120.090 6.11 0.569802882298
120.100 4.68 0.5
120.110 5.53 0.539949247156
120.120 6.84 0.599760143904
120.130 6.11 0.569802882298
120.140 6.32 0.580258853186
120.150 5.53 0.539949247156
120.160 4.74 0.5
120.170 5.26 0.529998940003
120.180 6.95 0.60971076085
120.190 5.58 0.539949247156
120.200 6 0.559892510956
120.210 5.42 0.539949247156
120.220 6.16 0.569802882298
120.230 6.05 0.569802882298
120.240 6.89 0.599760143904
120.250 5.53 0.539949247156
120.260 6.37 0.580258853186
120.270 6.58 0.590281336101
120.280 6.21 0.569802882298
120.290 6.42 0.580258853186
120.300 7 0.60971076085
120.310 6.21 0.569802882298
120.320 6.68 0.599760143904
120.330 6.53 0.590281336101
120.340 6.79 0.599760143904
120.350 8.37 0.669649530182
120.360 7.21 0.620173672946
120.370 7.58 0.629940788349
120.380 8.63 0.68041381744
120.390 8.05 0.649569802462
120.400 7.16 0.620173672946
120.410 8.84 0.68041381744
120.420 9.26 0.700140042014
120.430 9.32 0.700140042014
120.440 10.16 0.729324957489
120.450 9.63 0.710669054519
120.460 11.05 0.76028592127
120.470 11.47 0.780868809443
120.480 13.42 0.839181358297
120.490 12.84 0.819231920519
120.500 13.84 0.860662965824
120.510 12.95 0.830454798537
120.520 13.63 0.851256530759
120.530 14.11 0.860662965824
120.540 14.32 0.870388279778
120.550 16.74 0.940720868384
120.560 16.47 0.928476690885
120.570 17 0.949157995752
120.580 17.63 0.957826285221
120.590 20.95 1.05001706292
120.600 23.05 1.10029712034
120.610 23.37 1.10974190405
120.620 26.21 1.18015154119
120.630 28.42 1.21987509119
120.640 33.68 1.33038021048
120.650 36.79 1.38942503594
120.660 43.37 1.50927278118
120.670 54.42 1.69030850946
120.680 66.16 1.86989398002
120.690 83.89 2.09887740081
120.700 107.79 2.37691344271
120.710 134.21 2.66311820646
120.720 169.37 2.98807152334
120.730 200.21 3.24956336926
120.740 219.74 3.40010200459
120.750 224.53 3.44010458077
120.760 212.53 3.34076552391
120.770 196.16 3.21080649534
120.780 170.68 3.00150112594
120.790 146.79 2.78423023195
120.800 119.26 2.50784931288
120.810 100.63 2.30021853114
120.820 84.05 2.09887740081
120.830 71.32 1.93891683582
120.840 62.95 1.81968631312
120.850 53.16 1.6689863152
120.860 43.68 1.51969366063
120.870 40.21 1.46020415081
120.880 35.47 1.3697345027
120.890 31.74 1.28991996295
120.900 29.53 1.25
120.910 25.89 1.16961064294
120.920 23.68 1.12013621685
120.930 23.84 1.12013621685
120.940 21.37 1.05999788001
120.950 19.37 1.01015254455
120.960 18.74 0.990147542977
120.970 19.68 1.0200895678
120.980 19.95 1.02977929046
120.990 16.79 0.940720868384
121.000 17.21 0.949157995752
121.010 16.58 0.940720868384
121.020 16.37 0.928476690885
121.030 15.53 0.909090909091
121.040 16.53 0.928476690885
121.050 15.21 0.901669634667
121.060 16.58 0.940720868384
121.070 14.79 0.880450906326
121.080 16.47 0.928476690885
121.090 16.58 0.940720868384
121.100 17.26 0.949157995752
121.110 19.42 1.01015254455
121.120 19.89 1.0200895678
121.130 21.47 1.05999788001
121.140 25.11 1.15010926557
121.150 28.47 1.22998345683
121.160 30.53 1.27000127
121.170 37.26 1.40028008403
121.180 39.58 1.44037800479
121.190 51.63 1.650695502
121.200 64.89 1.85058302549
121.210 73.47 1.9687480774
121.220 84.16 2.10818510678
121.230 97.32 2.25876975726
121.240 106 2.35702260396
121.250 105 2.35050247361
121.260 104.79 2.35050247361
121.270 99.68 2.28814380978
121.280 92.47 2.2086305215
121.290 81.74 2.07167697616
121.300 68.42 1.90002850064
121.310 62.79 1.81968631312
121.320 52.74 1.6689863152
121.330 41.74 1.47925109682
121.340 38.05 1.41990458562
121.350 32.84 1.31990919337
121.360 26.74 1.19013889731
121.370 24.47 1.1403464899
121.380 22.74 1.10029712034
121.390 22 1.08021347127
121.400 20.11 1.02977929046
121.410 16.63 0.940720868384
121.420 14.63 0.880450906326
121.430 14.89 0.890870806375
121.440 14.32 0.870388279778
121.450 11.42 0.780868809443
121.460 10.79 0.76028592127
121.470 11.79 0.790569415042
121.480 11.74 0.790569415042
121.490 10.16 0.729324957489
121.500 10.26 0.739221270955
121.510 10.05 0.729324957489
121.520 8.58 0.669649530182
121.530 8.74 0.68041381744
121.540 8.37 0.669649530182
121.550 9 0.690065559342
121.560 8.16 0.659380473396
121.570 6.32 0.580258853186
121.580 6.89 0.599760143904
121.590 7.11 0.60971076085
121.600 7.42 0.629940788349
121.610 8.53 0.669649530182
121.620 7.16 0.620173672946
121.630 7.95 0.649569802462
121.640 6.68 0.599760143904
121.650 5.89 0.559892510956
121.660 5.84 0.559892510956
121.670 6.11 0.569802882298
121.680 5.53 0.539949247156
121.690 6.42 0.580258853186
121.700 6.32 0.580258853186
121.710 6.47 0.590281336101
121.720 4.63 0.5
121.730 5.42 0.539949247156
121.740 7 0.60971076085
121.750 6.21 0.569802882298
121.760 5.84 0.559892510956
121.770 6.47 0.590281336101
121.780 5.79 0.549649709929
121.790 6.42 0.580258853186
121.800 6 0.559892510956
121.810 5.95 0.559892510956
121.820 5.68 0.549649709929
121.830 5.68 0.549649709929
121.840 5.32 0.529998940003
121.850 5.58 0.539949247156
121.860 4.95 0.51031036308
121.870 6.21 0.569802882298
121.880 6.05 0.569802882298
121.890 5.63 0.549649709929
121.900 4.68 0.5
121.910 6.26 0.580258853186
121.920 4.58 0.490290337845
121.930 5.05 0.51987524491
121.940 4.42 0.490290337845
121.950 5.74 0.549649709929
121.960 4.79 0.5
121.970 5.79 0.549649709929
121.980 5.89 0.559892510956
121.990 5.16 0.51987524491
122.000 5.53 0.539949247156
122.010 5.26 0.529998940003
122.020 5 0.51987524491
122.030 4.63 0.5
122.040 5.37 0.529998940003
122.050 5.11 0.51987524491
122.060 4.89 0.51031036308
122.070 4.53 0.490290337845
122.080 4.68 0.5
122.090 5.05 0.51987524491
122.100 5.84 0.559892510956
129.600 5.88 0.429933580392
129.612 5.12 0.4
129.624 6.09 0.439799497134
129.636 5.62 0.419960525566
129.648 6.16 0.439799497134
129.660 6.72 0.459800489872
129.672 5.03 0.4
129.684 5.09 0.4
129.696 6.56 0.449921270666
129.708 6.09 0.439799497134
129.720 6.59 0.459800489872
129.732 6 0.429933580392
129.744 5.25 0.409960030845
129.756 6.03 0.439799497134
129.768 5.78 0.429933580392
129.780 6.22 0.439799497134
129.792 5.19 0.4
129.804 5.69 0.419960525566
129.816 6.38 0.449921270666
129.828 6.66 0.459800489872
129.840 7.22 0.480015360737
129.852 5.66 0.419960525566
129.864 6.38 0.449921270666
129.876 6.59 0.459800489872
129.888 6.66 0.459800489872
129.900 5.75 0.429933580392
129.912 5.47 0.409960030845
129.924 6.69 0.459800489872
129.936 6.88 0.459800489872
129.948 6.88 0.459800489872
129.960 6.25 0.439799497134
129.972 6.53 0.449921270666
129.984 6.69 0.459800489872
129.996 7 0.469840985735
130.008 7.12 0.469840985735
130.020 6.91 0.469840985735
130.032 7.22 0.480015360737
130.044 8.06 0.5
130.056 8.5 0.51987524491
130.068 8.59 0.51987524491
130.080 8.25 0.51031036308
130.092 8.66 0.51987524491
130.104 8.56 0.51987524491
130.116 9.53 0.549649709929
130.128 9.53 0.549649709929
130.140 9.75 0.549649709929
130.152 11.28 0.590281336101
130.164 10.59 0.580258853186
130.176 11.12 0.590281336101
130.188 11.88 0.60971076085
130.200 13.34 0.649569802462
130.212 13.03 0.640184399664
130.224 13.19 0.640184399664
130.236 14.31 0.669649530182
130.248 14.56 0.68041381744
130.260 15.28 0.690065559342
130.272 19.09 0.769230769231
130.284 19.91 0.790569415042
130.296 21.25 0.819231920519
130.308 23.72 0.860662965824
130.320 27.03 0.920574617898
130.332 30.97 0.980580675691
130.344 37.28 1.08021347127
130.356 47.25 1.21987509119
130.368 54.84 1.30968158963
130.380 68.22 1.46020415081
130.392 87.97 1.65976532577
130.404 110.41 1.86016332951
130.416 126.88 1.98810693122
130.428 137.16 2.07167697616
130.440 143.12 2.12238179989
130.452 135.84 2.05846742398
130.464 121.31 1.94994393992
130.476 102.41 1.7902871851
130.488 88.41 1.65976532577
130.500 71.75 1.50075056297
130.512 60 1.3697345027
130.524 50.28 1.25
130.536 45.12 1.19013889731
130.548 38.88 1.10029712034
130.560 35.12 1.05001706292
130.572 31.84 1
130.584 26 0.901669634667
130.596 23.19 0.851256530759
130.608 21.88 0.830454798537
130.620 17.91 0.749531688996
130.632 17.09 0.729324957489
130.644 17.62 0.739221270955
130.656 16.5 0.719815750749
130.668 14.81 0.68041381744
130.680 13.66 0.649569802462
130.692 13.81 0.659380473396
130.704 12.75 0.629940788349
130.716 11.78 0.60971076085
130.728 11.56 0.599760143904
130.740 12.09 0.620173672946
130.752 11.53 0.599760143904
130.764 10.91 0.580258853186
130.776 12.5 0.629940788349
130.788 11.44 0.599760143904
130.800 11.59 0.599760143904
130.812 11.22 0.590281336101
130.824 10.69 0.580258853186
130.836 10.53 0.569802882298
130.848 12.59 0.629940788349
130.860 13.19 0.640184399664
130.872 13.06 0.640184399664
130.884 14 0.659380473396
130.896 13.25 0.640184399664
130.908 14.75 0.68041381744
130.920 16.16 0.710669054519
130.932 16.56 0.719815750749
130.944 20 0.790569415042
130.956 23.78 0.860662965824
130.968 27.28 0.920574617898
130.980 33.12 1.0200895678
130.992 36.56 1.07026883178
131.004 44.97 1.19013889731
131.016 53.19 1.28991996295
131.028 63.16 1.40998991861
131.040 65.53 1.43003138953
131.052 71.75 1.50075056297
131.064 72.09 1.50075056297
131.076 66.31 1.44037800479
131.088 58.06 1.34962721696
131.100 55.28 1.30968158963
131.112 47.16 1.21001191868
131.124 41.66 1.1403464899
131.136 36.47 1.07026883178
131.148 30.06 0.971285862357
131.160 28.5 0.940720868384
131.172 24 0.870388279778
131.184 20.03 0.790569415042
131.196 18.62 0.76028592127
131.208 17.06 0.729324957489
131.220 15.78 0.700140042014
131.232 12.94 0.640184399664
131.244 13.38 0.649569802462
131.256 11.69 0.60971076085
131.268 11.56 0.599760143904
131.280 11.41 0.599760143904
131.292 9.03 0.529998940003
131.304 9.28 0.539949247156
131.316 8.28 0.51031036308
131.328 9.34 0.539949247156
131.340 8.25 0.51031036308
131.352 8.78 0.51987524491
131.364 8 0.5
131.376 7.75 0.490290337845
131.388 7.06 0.469840985735
131.400 7.66 0.490290337845
131.412 7.5 0.490290337845
131.424 6.97 0.469840985735
131.436 8.09 0.5
131.448 6.53 0.449921270666
131.460 6.44 0.449921270666
131.472 6.69 0.459800489872
131.484 6.09 0.439799497134
131.496 6.81 0.459800489872
131.508 7.09 0.469840985735
131.520 6.38 0.449921270666
131.532 6.59 0.459800489872
131.544 6.62 0.459800489872
131.556 7.16 0.469840985735
131.568 6.25 0.439799497134
131.580 6 0.429933580392
131.592 5.97 0.429933580392
131.604 6.06 0.439799497134
131.616 6.31 0.449921270666
131.628 6.06 0.439799497134
131.640 7.09 0.469840985735
131.652 6.09 0.439799497134
131.664 5.16 0.4
131.676 6.28 0.439799497134
131.688 6 0.429933580392
131.700 5.81 0.429933580392
131.712 6.25 0.439799497134
131.724 6.09 0.439799497134
131.736 5.78 0.429933580392
131.748 5.5 0.419960525566
131.760 6.22 0.439799497134
131.772 6.03 0.439799497134
131.784 6.28 0.439799497134
131.796 5.19 0.4
134.900 5.59 0.459800489872
134.912 6.59 0.5
134.924 5.56 0.459800489872
134.936 6.56 0.490290337845
134.948 5.93 0.469840985735
134.960 6.3 0.480015360737
134.972 5.85 0.469840985735
134.984 6.26 0.480015360737
134.996 7.11 0.51031036308
135.008 6.82 0.5
135.020 5.96 0.469840985735
135.032 6.41 0.490290337845
135.044 5.85 0.469840985735
135.056 5.89 0.469840985735
135.068 6.11 0.480015360737
135.080 6.15 0.480015360737
135.092 6.11 0.480015360737
135.104 6.78 0.5
135.116 6.11 0.480015360737
135.128 7.07 0.51031036308
135.140 5.37 0.449921270666
135.152 6.78 0.5
135.164 6.7 0.5
135.176 6.82 0.5
135.188 6.59 0.5
135.200 6.37 0.490290337845
135.212 6.37 0.490290337845
135.224 6.04 0.469840985735
135.236 7.67 0.529998940003
135.248 6.67 0.5
135.260 7.11 0.51031036308
135.272 6.15 0.480015360737
135.284 7.22 0.51987524491
135.296 7.33 0.51987524491
135.308 7.07 0.51031036308
135.320 7.18 0.51987524491
135.332 7.26 0.51987524491
135.344 8.11 0.549649709929
135.356 8.07 0.549649709929
135.368 7.63 0.529998940003
135.380 7.41 0.529998940003
135.392 7.26 0.51987524491
135.404 8.3 0.559892510956
135.416 8.11 0.549649709929
135.428 7.48 0.529998940003
135.440 8.78 0.569802882298
135.452 8.15 0.549649709929
135.464 10 0.60971076085
135.476 9.59 0.599760143904
135.488 10.33 0.620173672946
135.500 10.22 0.620173672946
135.512 10.48 0.620173672946
135.524 11.19 0.640184399664
135.536 11.15 0.640184399664
135.548 12.74 0.690065559342
135.560 14.52 0.729324957489
135.572 15.78 0.769230769231
135.584 15.3 0.749531688996
135.596 15.81 0.769230769231
135.608 16.56 0.780868809443
135.620 17.56 0.811107105654
135.632 17.15 0.800640769025
135.644 20.74 0.880450906326
135.656 20.52 0.870388279778
135.668 22.44 0.909090909091
135.680 24.7 0.957826285221
135.692 26.37 0.990147542977
135.704 31.56 1.08021347127
135.716 37.11 1.16961064294
135.728 39.48 1.21001191868
135.740 50.41 1.3697345027
135.752 58.7 1.46963506144
135.764 73.96 1.65976532577
135.776 88.04 1.81071492085
135.788 111.59 2.02860206483
135.800 133.78 2.23049868373
135.812 148.33 2.33762291106
135.824 162.81 2.46182981959
135.836 163 2.46182981959
135.848 151.67 2.3702273157
135.860 134.74 2.23049868373
135.872 120.15 2.10818510678
135.884 98.85 1.91040179975
135.896 86.96 1.7989569074
135.908 70 1.60955694995
135.920 66.78 1.56941205144
135.932 53.93 1.40998991861
135.944 48.89 1.34962721696
135.956 43.96 1.28036879933
135.968 36.59 1.1601271569
135.980 31.11 1.07026883178
135.992 29 1.03975048982
136.004 24.85 0.957826285221
136.016 25.93 0.980580675691
136.028 22.11 0.909090909091
136.040 19.11 0.839181358297
136.052 19.63 0.851256530759
136.064 17.74 0.811107105654
136.076 18.33 0.819231920519
136.088 16.7 0.790569415042
136.100 14.11 0.719815750749
136.112 13.48 0.710669054519
136.124 12.78 0.690065559342
136.136 13.26 0.700140042014
136.148 11.52 0.649569802462
136.160 13.22 0.700140042014
136.172 11.74 0.659380473396
136.184 12.63 0.68041381744
136.196 10.81 0.629940788349
136.208 13.89 0.719815750749
136.220 11.11 0.640184399664
136.232 12.74 0.690065559342
136.244 12.41 0.68041381744
136.256 12.04 0.669649530182
136.268 12.04 0.669649530182
136.280 12.89 0.690065559342
136.292 12.37 0.68041381744
136.304 12.89 0.690065559342
136.316 14.11 0.719815750749
136.328 15.07 0.749531688996
136.340 15.11 0.749531688996
136.352 15.41 0.76028592127
136.364 16.37 0.780868809443
136.376 18.33 0.819231920519
136.388 19.04 0.839181358297
136.400 20.74 0.880450906326
136.412 21.82 0.901669634667
136.424 26.56 0.990147542977
136.436 28.82 1.02977929046
136.448 33.33 1.10974190405
136.460 38.48 1.19013889731
136.472 46.37 1.30968158963
136.484 53.3 1.40998991861
136.496 63.19 1.53033341946
136.508 71.67 1.63082018263
136.520 73.04 1.650695502
136.532 72.7 1.63956458946
136.544 75.56 1.6689863152
136.556 75 1.6689863152
136.568 66.3 1.56941205144
136.580 64.44 1.55043418237
136.592 55.3 1.43003138953
136.604 47.74 1.33038021048
136.616 42.52 1.2598815767
136.628 39.19 1.21001191868
136.640 34.15 1.13010583937
136.652 30.89 1.07026883178
136.664 27.37 1.01015254455
136.676 23.37 0.928476690885
136.688 20.44 0.870388279778
136.700 19.67 0.851256530759
136.712 16.63 0.790569415042
136.724 15.74 0.76028592127
136.736 15.41 0.76028592127
136.748 15.04 0.749531688996
136.760 13.26 0.700140042014
136.772 12.59 0.68041381744
136.784 12.78 0.690065559342
136.796 10.63 0.629940788349
136.808 10.85 0.640184399664
136.820 10.56 0.629940788349
136.832 9.22 0.590281336101
136.844 8.78 0.569802882298
136.856 8.74 0.569802882298
136.868 8.78 0.569802882298
136.880 9.37 0.590281336101
136.892 8.22 0.549649709929
136.904 8.81 0.569802882298
136.916 8.44 0.559892510956
136.928 8.33 0.559892510956
136.940 8.63 0.569802882298
136.952 7.67 0.529998940003
136.964 7.93 0.539949247156
136.976 7.41 0.529998940003
136.988 7.89 0.539949247156
137.000 7.7 0.539949247156
137.012 8.07 0.549649709929
137.024 6.67 0.5
137.036 6.85 0.51031036308
137.048 6.89 0.51031036308
137.060 7.78 0.539949247156
137.072 6.44 0.490290337845
137.084 7.18 0.51987524491
137.096 7.52 0.529998940003
137.108 6.37 0.490290337845
137.120 6.96 0.51031036308
137.132 6.85 0.51031036308
137.144 7.3 0.51987524491
137.156 6.63 0.5
137.168 6.67 0.5
137.180 7.74 0.539949247156
137.192 7.11 0.51031036308
137.204 7.85 0.539949247156
137.216 7 0.51031036308
137.228 6.85 0.51031036308
137.240 6.59 0.5
137.252 6.85 0.51031036308
137.264 6.18 0.480015360737
137.276 7.15 0.51987524491
137.288 6.78 0.5
137.300 6.33 0.490290337845
137.312 6.63 0.5
137.324 7.48 0.529998940003
137.336 6.74 0.5
137.348 6.59 0.5
137.360 6.56 0.490290337845
137.372 6.3 0.480015360737
137.384 5.93 0.469840985735
137.396 7.11 0.51031036308
140.500 11.43 1.28991996295
140.514 9.29 1.1601271569
140.528 10 1.20038418442
140.542 8.86 1.13010583937
140.556 10 1.20038418442
140.570 9 1.1403464899
140.584 8.57 1.12013621685
140.598 8 1.08021347127
140.612 10.57 1.24034734589
140.626 8.86 1.13010583937
140.640 9.57 1.18015154119
140.654 8.57 1.12013621685
140.668 10 1.20038418442
140.682 7.43 1.03975048982
140.696 11.29 1.28036879933
140.710 7.86 1.07026883178
140.724 8.71 1.12013621685
140.738 9.43 1.16961064294
140.752 8.57 1.12013621685
140.766 9.29 1.1601271569
140.780 8.71 1.12013621685
140.794 9.14 1.15010926557
140.808 6.43 0.971285862357
140.822 10 1.20038418442
140.836 10.57 1.24034734589
140.850 10.14 1.21001191868
140.864 10.43 1.22998345683
140.878 11 1.2598815767
140.892 9 1.1403464899
140.906 10.29 1.21987509119
140.920 8.71 1.12013621685
140.934 8.86 1.13010583937
140.948 11.29 1.28036879933
140.962 11.57 1.28991996295
140.976 11.29 1.28036879933
140.990 8.29 1.10029712034
141.004 10.14 1.21001191868
141.018 10.43 1.22998345683
141.032 9 1.1403464899
141.046 11.29 1.28036879933
141.060 11.29 1.28036879933
141.074 12.29 1.33038021048
141.088 12.29 1.33038021048
141.102 12.14 1.31990919337
141.116 10.71 1.25
141.130 13 1.3697345027
141.144 9.71 1.19013889731
141.158 10.29 1.21987509119
141.172 12.86 1.35956935663
141.186 11.71 1.29968811228
141.200 13.86 1.40998991861
141.214 13.43 1.38942503594
141.228 15.43 1.490711985
141.242 16.43 1.53937267952
141.256 15.43 1.490711985
141.270 16.71 1.55043418237
141.284 17.43 1.57916610464
141.298 15.57 1.50075056297
141.312 19.57 1.68073161363
141.326 18.43 1.63082018263
141.340 20.57 1.72005229038
141.354 17.14 1.56941205144
141.368 19.57 1.68073161363
141.382 19.71 1.68073161363
141.396 22.14 1.77892016741
141.410 22.29 1.7902871851
141.424 27.57 1.98810693122
141.438 26.86 1.96116135138
141.452 28.29 2.0203050891
141.466 32.71 2.17186121382
141.480 33.57 2.1873931963
141.494 35.86 2.27038304593
141.508 37 2.30021853114
141.522 43.57 2.5
141.536 44.29 2.52377232563
141.550 44.14 2.52377232563
141.564 50 2.68220890393
141.578 52.86 2.75240941282
141.592 58.86 2.89885517826
141.606 62.71 3.00150112594
141.620 74.29 3.25990683319
141.634 80.71 3.40010200459
141.648 102 3.8208035995
141.662 113.29 4.02911482013
141.676 126.86 4.26014322842
141.690 145 4.55015755193
141.704 179 5.05721737424
141.718 215 5.53848775622
141.732 274.14 6.26224291085
141.746 349 7.05345615859
141.760 406.29 7.62492851663
141.774 513.71 8.57492925713
141.788 591.86 9.20574617898
141.802 623.57 9.44911182523
141.816 612.29 9.36585811582
141.830 566.43 9.01669634667
141.844 490 8.36242010007
141.858 414.29 7.69230769231
141.872 357.29 7.14285714286
141.886 305.71 6.60818600455
141.900 263.86 6.14295116834
141.914 234.86 5.79284446363
141.928 209.86 5.47996624351
141.942 171.57 4.95073771488
141.956 150.14 4.63241054612
141.970 132.29 4.35194139889
141.984 117.14 4.08930410055
141.998 96.14 3.70879470776
142.012 93 3.64905182584
142.026 75.29 3.27912917892
142.040 71.86 3.21080649534
142.054 65.29 3.05708920258
142.068 62.71 3.00150112594
142.082 52.43 2.74204248554
142.096 48.29 2.62612865719
142.110 43 2.47688702309
142.124 41.29 2.43252127705
142.138 38.43 2.35050247361
142.152 36.43 2.28814380978
142.166 33.86 2.19793491132
142.180 30.43 2.08969189764
142.194 30.86 2.09887740081
142.208 28.71 2.02860206483
142.222 26.57 1.94994393992
142.236 30.29 2.08062594644
142.250 30.14 2.08062594644
142.264 28 2.00804832226
142.278 27.29 1.98029508595
142.292 29.14 2.04980015423
142.306 28.86 2.04124145232
142.320 32.43 2.16168850584
142.334 31.43 2.12238179989
142.348 34.29 2.21948380809
142.362 38 2.3312620206
142.376 32 2.14176468439
142.390 40 2.39045721867
142.404 46.43 2.58198889747
142.418 47.29 2.59937622455
142.432 46.71 2.59063880075
142.446 51.71 2.72165526976
142.460 60.43 2.93610109757
142.474 62.71 3.00150112594
142.488 75.57 3.2897584748
142.502 82.29 3.42997170285
142.516 90.29 3.58979079309
142.530 104.57 3.86911616267
142.544 124.86 4.22954934438
142.558 148.57 4.60775677584
142.572 176.43 5.01885613228
142.586 216.71 5.57278212575
142.600 253.57 6.01929265429
142.614 271.43 6.22572806365
142.628 293 6.46846227353
142.642 303.86 6.59380473396
142.656 278.57 6.31194403098
142.670 256 6.05227532669
142.684 245.71 5.93390829097
142.698 205 5.40738070436
142.712 190.29 5.21995750972
142.726 167.43 4.89115988045
142.740 147.57 4.58831467741
142.754 116.86 4.08930410055
142.768 108.86 3.94976252767
142.782 98.43 3.75029300309
142.796 81.57 3.41992784028
142.810 77.57 3.32963579106
142.824 60.14 2.93610109757
142.838 55.43 2.8171808491
142.852 53 2.76289481998
142.866 46.57 2.58198889747
142.880 44.43 2.52377232563
142.894 39.29 2.3702273157
142.908 35 2.24167919831
142.922 38.29 2.33762291106
142.936 31.43 2.12238179989
142.950 25.14 1.90002850064
142.964 20.43 1.70996392014
142.978 23.29 1.8287923899
142.992 19.86 1.69030850946
143.006 21 1.74077655956
143.020 20.14 1.7000510023
143.034 18.57 1.63956458946
143.048 19 1.650695502
143.062 16.29 1.53033341946
143.076 18.43 1.63082018263
143.090 17.29 1.57916610464
143.104 14.57 1.44942758913
143.118 15.71 1.50927278118
143.132 16.29 1.53033341946
143.146 14.57 1.44942758913
143.160 13.86 1.40998991861
143.174 12.43 1.33990004718
143.188 13.86 1.40998991861
143.202 12.29 1.33038021048
143.216 11.57 1.28991996295
143.230 15.14 1.47925109682
143.244 13.29 1.38942503594
143.258 11 1.2598815767
143.272 13 1.3697345027
143.286 12.29 1.33038021048
143.300 11.43 1.28991996295
143.314 15.29 1.47925109682
143.328 9.29 1.1601271569
143.342 11.71 1.29968811228
143.356 11.57 1.28991996295
143.370 9 1.1403464899
143.384 12 1.31990919337
143.398 10 1.20038418442
143.412 12.86 1.35956935663
143.426 11 1.2598815767
143.440 9.29 1.1601271569
143.454 10.14 1.21001191868
143.468 10.43 1.22998345683
143.482 9.71 1.19013889731
143.496 11.14 1.27000127
143.510 10.43 1.22998345683
143.524 9.29 1.1601271569
143.538 10 1.20038418442
143.552 9.71 1.19013889731
143.566 8.57 1.12013621685
143.580 9.71 1.19013889731
143.594 9.57 1.18015154119
143.608 9.57 1.18015154119
143.622 10.71 1.25
143.636 8 1.08021347127
143.650 11 1.2598815767
143.664 9.71 1.19013889731
143.678 9.71 1.19013889731
143.692 8.71 1.12013621685
143.706 8.71 1.12013621685
143.720 8.86 1.13010583937
143.734 10.14 1.21001191868
143.748 8.71 1.12013621685
143.762 8.29 1.10029712034
143.776 9.86 1.20038418442
143.790 7 1.01015254455
143.804 11.86 1.30968158963
143.818 10.43 1.22998345683
143.832 8 1.08021347127
143.846 7.86 1.07026883178
143.860 7 1.01015254455
143.874 6.86 1
143.888 11.57 1.28991996295
143.902 7.57 1.05001706292
143.916 9.14 1.15010926557
143.930 10.43 1.22998345683
143.944 7.14 1.0200895678
143.958 8.29 1.10029712034
143.972 10.43 1.22998345683
143.986 7.71 1.05999788001
144.000 8.57 1.12013621685
147.500 9.13 0.780868809443
147.516 7.67 0.719815750749
147.532 7.73 0.719815750749
147.548 9.8 0.811107105654
147.564 9.67 0.811107105654
147.580 6.53 0.659380473396
147.596 8.73 0.769230769231
147.612 9.53 0.800640769025
147.628 7.2 0.700140042014
147.644 7.8 0.719815750749
147.660 8.13 0.739221270955
147.676 9.67 0.811107105654
147.692 9.67 0.811107105654
147.708 7 0.690065559342
147.724 8.8 0.769230769231
147.740 8.8 0.769230769231
147.756 9.33 0.790569415042
147.772 8.47 0.749531688996
147.788 10.33 0.830454798537
147.804 8.47 0.749531688996
147.820 8.6 0.76028592127
147.836 8.47 0.749531688996
147.852 9.6 0.800640769025
147.868 10.13 0.819231920519
147.884 10.47 0.839181358297
147.900 9.93 0.819231920519
147.916 12.47 0.909090909091
147.932 9.6 0.800640769025
147.948 9.53 0.800640769025
147.964 10.07 0.819231920519
147.980 9.8 0.811107105654
147.996 9.07 0.780868809443
148.012 10.8 0.851256530759
148.028 11.27 0.870388279778
148.044 10.93 0.860662965824
148.060 9.67 0.811107105654
148.076 12.27 0.909090909091
148.092 11.13 0.860662965824
148.108 11.73 0.890870806375
148.124 11.8 0.890870806375
148.140 11.6 0.880450906326
148.156 11.13 0.860662965824
148.172 13.87 0.957826285221
148.188 12.93 0.928476690885
148.204 13.67 0.957826285221
148.220 13.2 0.940720868384
148.236 14.73 0.990147542977
148.252 15.2 1.01015254455
148.268 15.53 1.0200895678
148.284 18.53 1.10974190405
148.300 17.13 1.07026883178
148.316 17.73 1.08979285007
148.332 19.2 1.13010583937
148.348 22.4 1.21987509119
148.364 22.8 1.22998345683
148.380 22.73 1.22998345683
148.396 24.67 1.28036879933
148.412 27.53 1.35956935663
148.428 30.4 1.43003138953
148.444 32.53 1.46963506144
148.460 32.73 1.47925109682
148.476 34.07 1.50927278118
148.492 42.47 1.68073161363
148.508 45.73 1.74874354196
148.524 48.13 1.7902871851
148.540 58.67 1.98029508595
148.556 63 2.04980015423
148.572 76.87 2.25876975726
148.588 88.73 2.43252127705
148.604 103.53 2.62612865719
148.620 129.93 2.93610109757
148.636 156.87 3.2291684186
148.652 190.13 3.56009427254
148.668 228.93 3.91030943503
148.684 269.13 4.2409446484
148.700 297.13 4.4499415949
148.716 306.67 4.52215631646
148.732 303.8 4.49921270666
148.748 281.4 4.33148081824
148.764 245.4 4.04888165089
148.780 212.27 3.76088707222
148.796 176.67 3.42997170285
148.812 157.4 3.23931774196
148.828 132.47 2.97482058654
148.844 114.8 2.77350098113
148.860 104.47 2.64442942674
148.876 94.93 2.52377232563
148.892 80 2.31248645031
148.908 70.87 2.17186121382
148.924 64.47 2.07167697616
148.940 55.07 1.92094687599
148.956 50.13 1.8287923899
148.972 43.47 1.7000510023
148.988 39.33 1.62008392252
149.004 36.47 1.5598365377
149.020 34.87 1.53033341946
149.036 31.2 1.44037800479
149.052 26.2 1.31990919337
149.068 28.8 1.38942503594
149.084 24.67 1.28036879933
149.100 23.13 1.24034734589
149.116 25.33 1.29968811228
149.132 22.13 1.21987509119
149.148 21.67 1.20038418442
149.164 18.93 1.13010583937
149.180 21.4 1.20038418442
149.196 17.13 1.07026883178
149.212 15.6 1.0200895678
149.228 16.33 1.05001706292
149.244 16.93 1.05999788001
149.260 19.2 1.13010583937
149.276 18.67 1.12013621685
149.292 16.87 1.05999788001
149.308 17.2 1.07026883178
149.324 16.13 1.03975048982
149.340 17.33 1.08021347127
149.356 17.93 1.10029712034
149.372 17 1.07026883178
149.388 17.2 1.07026883178
149.404 21 1.19013889731
149.420 18.53 1.10974190405
149.436 23.13 1.24034734589
149.452 22.53 1.22998345683
149.468 23.53 1.25
149.484 24.73 1.28991996295
149.500 27.53 1.35956935663
149.516 28.67 1.38013111868
149.532 29.87 1.40998991861
149.548 35.47 1.53937267952
149.564 39.8 1.63082018263
149.580 41.67 1.6689863152
149.596 47.27 1.77892016741
149.612 50.8 1.8411492358
149.628 59.8 2
149.644 71.27 2.18217890236
149.660 81.4 2.3312620206
149.676 99 2.57342506327
149.692 112.27 2.74204248554
149.708 122.27 2.86299167157
149.724 139.87 3.05708920258
149.740 143.07 3.08606699924
149.756 145.87 3.11588476425
149.772 139.67 3.05708920258
149.788 132.47 2.97482058654
149.804 121.6 2.85132974256
149.820 110.8 2.72165526976
149.836 97 2.54000254
149.852 84.87 2.37691344271
149.868 77.4 2.27038304593
149.884 68 2.13200716356
149.900 61.73 2.02860206483
149.916 50.53 1.8411492358
149.932 46.27 1.75953835769
149.948 43.07 1.7000510023
149.964 38.27 1.59923255252
149.980 35.07 1.53033341946
149.996 31.47 1.44942758913
150.012 27.13 1.34962721696
150.028 25.8 1.30968158963
150.044 23.27 1.25
150.060 21.73 1.21001191868
150.076 19.2 1.13010583937
150.092 19.87 1.15010926557
150.108 18.07 1.10029712034
150.124 16.33 1.05001706292
150.140 17.33 1.08021347127
150.156 16.67 1.05999788001
150.172 14.8 1
150.188 12.67 0.920574617898
150.204 16.07 1.03975048982
150.220 15 1
150.236 12.4 0.909090909091
150.252 13 0.928476690885
150.268 13.27 0.940720868384
150.284 11.73 0.890870806375
150.300 12.2 0.901669634667
150.316 11.47 0.880450906326
150.332 11 0.860662965824
150.348 10.27 0.830454798537
150.364 11.2 0.870388279778
150.380 10.27 0.830454798537
150.396 12.8 0.928476690885
150.412 10.33 0.830454798537
150.428 10.47 0.839181358297
150.444 9.6 0.800640769025
150.460 11.67 0.880450906326
150.476 10.33 0.830454798537
150.492 11.4 0.870388279778
150.508 9.07 0.780868809443
150.524 9.13 0.780868809443
150.540 11.4 0.870388279778
150.556 10.67 0.851256530759
150.572 9.73 0.811107105654
150.588 10.6 0.839181358297
150.604 9.13 0.780868809443
150.620 9 0.780868809443
150.636 8.4 0.749531688996
150.652 7.8 0.719815750749
150.668 8.87 0.769230769231
150.684 8 0.729324957489
150.700 8.73 0.769230769231
150.716 8.4 0.749531688996
150.732 11.07 0.860662965824
150.748 8.47 0.749531688996
150.764 9.4 0.790569415042
150.780 8.67 0.76028592127
150.796 8 0.729324957489
150.812 8.73 0.769230769231
150.828 7.53 0.710669054519
150.844 9 0.780868809443
150.860 10.33 0.830454798537
150.876 8.67 0.76028592127
150.892 9 0.780868809443
150.908 6.93 0.68041381744

